Customer_ID,Age,Annual_Income,Monthly_Spend,Purchase_Freq,Tenure_Years,Gender,Region,Category_Pref
C1000,20,23944,25.18,2.9,1.3,Female,West,Home
C1001,37,69038,37.05,9.8,3.4,Female,East,Electronics
C1002,54,68571,65.99,4.1,3.0,Male,South,Electronics
C1003,38,60602,44.33,8.6,3.2,Male,East,Home
C1004,40,85531,63.52,7.5,5.8,Female,North,Sports
C1005,30,57609,44.76,4.0,3.4,Male,South,Home
C1006,24,32067,28.87,2.5,0.4,Male,South,Fashion
C1007,48,89093,72.95,9.2,6.2,Male,West,Home
C1008,60,65913,87.55,14.8,10.9,Male,North,Electronics
C1009,40,49365,46.47,7.3,3.7,Male,West,Home
C1010,45,60144,45.32,7.2,5.6,Male,South,Grocery
C1011,56,72325,91.67,10.8,9.4,Female,North,Fashion
C1012,22,35838,23.95,2.1,0.7,Male,South,Home
C1013,28,54565,27.72,8.0,2.2,Male,North,Electronics
C1014,41,86827,69.02,3.2,12.0,Female,South,Fashion
C1015,23,27837,29.38,2.2,1.4,Male,East,Electronics
C1016,38,69292,26.13,7.7,5.4,Male,East,Sports
C1017,37,63392,39.85,7.0,2.8,Female,West,Grocery
C1018,68,100280,76.99,19.9,8.5,Male,East,Sports
C1019,38,48773,71.53,9.7,4.0,Male,South,Grocery
C1020,27,25845,15.72,4.5,1.5,Female,South,Home
C1021,40,53528,43.44,8.2,4.3,Male,East,Fashion
C1022,34,52001,42.3,6.4,2.7,Female,West,Home
C1023,23,33854,16.58,4.2,1.6,Female,East,Grocery
C1024,47,92958,50.4,5.5,6.7,Male,North,Grocery
C1025,71,102712,77.51,11.8,8.2,Female,North,Grocery
C1026,52,66830,55.15,8.4,5.1,Female,North,Electronics
C1027,46,79924,42.73,6.9,6.6,Male,East,Fashion
C1028,54,94014,90.18,10.2,9.4,Female,East,Home
C1029,45,93467,69.49,9.6,3.9,Male,East,Home
C1030,65,104124,72.13,13.2,9.4,Female,North,Sports
C1031,44,67031,51.77,5.0,1.7,Male,West,Grocery
C1032,24,19809,9.64,3.1,0.1,Male,South,Grocery
C1033,46,81748,65.05,5.2,5.6,Male,East,Grocery
C1034,34,73328,44.79,8.5,3.6,Female,West,Home
C1035,43,79714,70.88,8.5,5.2,Male,South,Sports
C1036,27,41460,48.86,7.0,3.4,Male,South,Electronics
C1037,51,86816,83.32,14.1,10.9,Male,South,Fashion
C1038,36,69791,33.1,7.2,2.8,Female,West,Electronics
C1039,29,57780,43.24,7.6,2.4,Female,West,Home
C1040,23,30242,28.4,3.1,1.3,Female,North,Grocery
C1041,19,32852,37.14,2.0,0.3,Female,West,Fashion
C1042,64,95322,102.73,13.3,4.2,Female,West,Home
C1043,62,95557,66.38,13.3,10.7,Male,West,Home
C1044,38,58780,64.67,2.8,3.7,Female,South,Home
C1045,46,77858,64.59,11.1,4.2,Female,East,Fashion
C1046,26,25750,21.91,2.6,0.9,Female,North,Fashion
C1047,26,39383,11.68,2.0,1.8,Female,East,Sports
C1048,28,49374,28.04,4.3,4.2,Male,East,Sports
C1049,41,86087,53.7,9.0,6.6,Male,West,Electronics
C1050,46,69477,42.82,9.6,2.3,Female,North,Fashion
C1051,44,61555,87.96,10.4,4.6,Female,East,Fashion
C1052,53,97358,76.24,13.6,9.0,Female,East,Fashion
C1053,62,86883,110.06,11.4,6.5,Female,North,Sports
C1054,41,68352,61.51,8.8,3.1,Female,West,Home
C1055,58,74835,55.92,5.6,4.4,Male,East,Grocery
C1056,47,59297,67.13,6.4,3.4,Female,South,Sports
C1057,63,68614,69.5,11.7,7.7,Male,East,Fashion
C1058,44,89205,56.35,11.0,6.8,Male,South,Sports
C1059,29,50803,56.02,4.2,2.8,Male,West,Electronics
C1060,51,88292,117.01,4.4,9.1,Female,East,Fashion
C1061,48,65172,31.76,5.1,3.0,Male,North,Electronics
C1062,47,80839,84.53,7.4,4.7,Male,North,Fashion
C1063,25,20975,23.49,4.1,1.1,Female,East,Sports
C1064,23,25389,5.0,4.4,0.5,Male,West,Home
C1065,53,77830,88.0,15.4,7.6,Female,West,Grocery
C1066,29,53520,61.37,6.4,3.5,Female,North,Electronics
C1067,61,91626,116.11,15.2,9.6,Female,East,Sports
C1068,25,25697,10.19,3.5,1.2,Female,West,Home
C1069,30,27959,11.04,2.7,0.7,Male,North,Sports
C1070,47,97992,88.21,13.9,5.8,Female,South,Electronics
C1071,37,53077,33.21,5.1,1.6,Male,East,Grocery
C1072,29,53735,64.36,4.7,3.7,Female,South,Sports
C1073,64,86598,64.89,12.7,7.9,Male,South,Fashion
C1074,41,70212,64.86,10.0,4.7,Female,West,Home
C1075,37,85666,95.2,8.1,2.8,Male,West,Sports
C1076,34,55976,45.91,7.5,3.4,Male,West,Home
C1077,32,63753,48.95,7.7,3.7,Male,East,Fashion
C1078,50,62232,77.58,10.3,3.8,Male,South,Grocery
C1079,30,38412,48.37,5.3,2.9,Female,East,Grocery
C1080,37,58914,26.15,6.6,4.4,Male,West,Fashion
C1081,24,29669,23.19,3.3,1.2,Female,South,Home
C1082,41,58390,32.71,11.7,7.1,Female,East,Sports
C1083,52,88821,59.52,8.8,4.9,Female,East,Fashion
C1084,48,70798,46.85,8.8,6.0,Male,North,Electronics
C1085,38,48676,58.27,6.2,5.4,Male,East,Home
C1086,32,52112,46.26,7.2,1.4,Female,West,Grocery
C1087,39,44186,55.0,7.4,4.5,Male,East,Fashion
C1088,54,97293,97.93,11.7,11.3,Male,South,Grocery
C1089,38,44214,52.61,7.5,3.7,Female,East,Home
C1090,36,46147,29.12,5.3,3.2,Female,North,Grocery
C1091,51,86697,90.55,11.9,7.5,Female,South,Fashion
C1092,18,27116,33.89,2.9,1.4,Male,South,Home
C1093,26,25106,5.0,5.1,0.5,Female,North,Electronics
C1094,39,63114,64.54,9.4,3.7,Male,West,Fashion
C1095,59,94427,72.81,14.6,6.5,Male,South,Sports
C1096,36,69375,74.14,12.4,4.3,Female,West,Fashion
C1097,28,36006,17.1,3.7,1.1,Male,South,Home
C1098,48,70377,53.66,6.0,5.4,Male,South,Fashion
C1099,43,102802,83.26,12.8,5.4,Male,West,Electronics
C1100,27,47404,59.73,7.0,1.7,Female,South,Electronics
C1101,66,89642,107.51,11.5,8.8,Female,West,Sports
C1102,22,34151,17.93,2.2,0.8,Female,North,Grocery
C1103,51,81324,48.62,7.8,4.0,Female,West,Home
C1104,27,34178,33.47,3.0,0.7,Male,North,Home
C1105,18,33271,18.47,2.7,0.7,Male,South,Grocery
C1106,37,89533,35.37,9.9,6.0,Male,West,Electronics
C1107,43,83896,60.42,7.6,4.1,Male,South,Electronics
C1108,30,21652,24.18,4.2,1.0,Female,West,Fashion
C1109,45,76777,67.0,6.2,2.4,Female,North,Sports
C1110,45,71908,51.52,5.8,9.7,Male,North,Sports
C1111,57,74668,87.07,11.6,6.7,Male,West,Sports
C1112,27,69166,34.15,5.6,3.3,Male,North,Fashion
C1113,47,105087,77.59,14.0,6.4,Male,South,Sports
C1114,56,96537,101.54,13.8,10.1,Female,South,Grocery
C1115,50,97920,80.38,11.8,6.6,Male,East,Fashion
C1116,50,74653,67.23,7.8,6.3,Male,North,Grocery
C1117,58,102745,74.19,8.4,9.6,Female,South,Fashion
C1118,67,87168,80.26,12.6,5.2,Male,West,Sports
C1119,33,62485,33.14,8.0,5.0,Female,North,Grocery
C1120,18,25462,14.49,1.1,0.5,Male,South,Grocery
C1121,36,53034,42.92,3.9,2.8,Female,North,Grocery
C1122,63,116611,87.1,11.5,8.1,Female,West,Fashion
C1123,69,92348,52.54,10.1,8.1,Female,South,Home
C1124,25,24351,16.33,4.8,0.8,Male,East,Sports
C1125,38,63826,59.97,5.8,3.3,Female,East,Grocery
C1126,47,84843,59.18,8.9,5.0,Male,North,Home
C1127,31,32814,14.82,3.0,0.8,Male,West,Sports
C1128,18,26980,31.04,4.2,1.1,Male,South,Sports
C1129,23,29748,21.58,2.8,0.6,Male,West,Grocery
C1130,26,30432,15.0,2.9,1.4,Female,South,Grocery
C1131,18,75480,51.47,6.2,4.2,Female,North,Fashion
C1132,51,88145,98.43,11.5,9.6,Female,South,Home
C1133,38,60703,56.29,8.4,4.5,Female,West,Home
C1134,57,88231,93.23,12.3,4.8,Female,West,Grocery
C1135,51,100105,73.29,7.9,11.4,Male,North,Sports
C1136,36,52028,44.25,4.2,3.2,Male,West,Grocery
C1137,30,50652,25.26,4.8,4.1,Female,South,Sports
C1138,32,52091,34.98,7.4,5.1,Male,North,Sports
C1139,47,80072,54.83,9.0,3.6,Female,South,Grocery
C1140,58,95344,101.34,15.5,6.9,Male,West,Electronics
C1141,45,74255,67.88,8.1,6.0,Male,North,Home
C1142,33,33792,52.14,7.7,2.8,Male,South,Sports
C1143,29,24959,29.29,3.5,0.9,Male,West,Sports
C1144,40,68622,44.5,10.9,6.0,Male,West,Electronics
C1145,50,116572,117.11,11.9,7.4,Female,East,Fashion
C1146,41,58946,65.07,5.7,3.9,Male,West,Electronics
C1147,27,58554,33.38,5.5,3.6,Female,South,Electronics
C1148,65,113786,76.02,15.3,10.2,Male,North,Sports
C1149,49,68872,82.95,11.6,4.1,Male,East,Home
C1150,25,27778,27.33,3.0,0.2,Male,West,Electronics
C1151,31,56566,38.31,5.6,2.3,Female,West,Fashion
C1152,34,24372,23.97,2.9,0.5,Male,West,Grocery
C1153,53,76467,50.43,12.2,3.5,Female,South,Electronics
C1154,40,74505,67.41,8.7,6.0,Male,East,Electronics
C1155,48,103500,108.93,13.4,9.7,Female,South,Fashion
C1156,44,83339,37.46,8.4,6.2,Male,East,Home
C1157,37,54806,72.03,8.6,2.7,Female,North,Electronics
C1158,35,44991,51.63,4.6,3.0,Female,South,Electronics
C1159,52,108407,48.31,16.1,11.0,Female,South,Home
C1160,48,77029,64.77,8.7,3.5,Male,North,Fashion
C1161,31,50681,56.57,6.7,1.1,Male,East,Electronics
C1162,43,69690,61.63,9.9,4.4,Male,West,Home
C1163,26,52923,43.2,5.8,3.2,Female,North,Electronics
C1164,23,35187,25.86,1.0,1.5,Female,West,Grocery
C1165,68,70499,126.05,14.3,6.6,Female,West,Sports
C1166,45,73230,62.41,6.8,4.8,Male,North,Grocery
C1167,57,99112,93.56,5.6,6.8,Male,East,Electronics
C1168,43,65016,60.46,9.2,5.1,Male,West,Fashion
C1169,25,30357,19.43,1.9,1.2,Female,North,Sports
C1170,22,33192,17.94,3.1,1.4,Female,South,Grocery
C1171,24,32649,28.63,4.7,0.7,Female,South,Home
C1172,31,48956,35.76,7.0,1.7,Male,South,Fashion
C1173,36,99553,79.01,7.3,3.7,Female,North,Grocery
C1174,20,21862,20.3,4.9,1.9,Female,South,Home
C1175,30,60687,51.6,6.6,2.6,Male,West,Electronics
C1176,35,62861,38.36,3.9,2.0,Female,South,Home
C1177,40,90505,55.8,6.7,5.8,Female,South,Grocery
C1178,18,34147,27.97,3.5,0.7,Female,West,Grocery
C1179,39,81218,83.2,7.5,3.4,Female,South,Electronics
C1180,37,81105,79.35,10.5,3.5,Male,West,Home
C1181,39,55208,32.82,8.3,1.4,Male,South,Home
C1182,25,31178,7.55,1.4,1.3,Female,West,Electronics
C1183,29,54231,33.95,2.8,1.9,Male,South,Home
C1184,44,55111,36.74,6.3,2.6,Female,West,Electronics
C1185,32,56366,42.78,4.1,2.4,Female,North,Fashion
C1186,28,27940,14.63,3.4,0.6,Female,West,Grocery
C1187,62,99526,60.14,11.1,7.9,Female,South,Fashion
C1188,39,48777,41.63,5.4,5.1,Male,South,Sports
C1189,43,50107,47.81,6.4,2.8,Male,East,Sports
C1190,69,82745,75.52,12.8,7.7,Male,West,Sports
C1191,42,76664,79.24,9.3,1.8,Male,North,Electronics
C1192,46,81815,60.65,7.4,7.1,Male,West,Home
C1193,24,26746,25.59,2.8,0.1,Male,West,Fashion
C1194,25,22607,32.01,2.3,0.9,Female,North,Fashion
C1195,40,54737,28.33,1.8,3.5,Female,West,Fashion
C1196,50,69823,54.96,7.9,4.5,Male,North,Fashion
C1197,35,55147,45.53,4.9,4.4,Male,North,Sports
C1198,37,67745,64.6,9.7,3.0,Female,West,Fashion
C1199,40,54226,36.69,5.8,3.6,Male,West,Home
C1200,45,84725,60.25,9.4,5.1,Male,South,Sports
C1201,20,34355,29.19,1.0,1.2,Male,South,Fashion
C1202,60,79636,91.93,12.9,11.5,Female,East,Electronics
C1203,26,34630,31.19,3.8,0.7,Male,East,Grocery
C1204,33,85807,45.03,6.1,5.7,Female,West,Grocery
C1205,61,120959,75.49,12.4,5.7,Male,North,Grocery
C1206,30,50410,15.01,8.6,1.9,Female,East,Sports
C1207,31,56478,50.03,7.9,2.6,Male,West,Fashion
C1208,46,68768,47.45,7.7,6.6,Male,East,Sports
C1209,19,33784,27.98,2.8,1.2,Female,North,Home
C1210,56,102690,101.75,9.4,7.4,Female,West,Electronics
C1211,22,28242,22.77,2.5,1.5,Female,North,Electronics
C1212,29,32405,21.61,2.6,0.1,Female,West,Grocery
C1213,40,67322,87.36,9.6,4.5,Female,East,Grocery
C1214,49,75283,69.01,11.2,6.0,Female,South,Grocery
C1215,31,55913,36.92,6.7,2.6,Female,East,Fashion
C1216,40,63429,49.49,2.3,3.0,Male,East,Home
C1217,39,65813,83.28,9.5,4.9,Male,South,Home
C1218,31,28904,9.74,1.6,1.1,Male,South,Home
C1219,40,97988,63.94,8.6,5.7,Female,West,Home
C1220,30,46903,42.07,5.3,2.6,Male,West,Grocery
C1221,24,31886,22.77,2.3,1.4,Male,North,Electronics
C1222,36,75586,64.7,6.7,1.7,Female,North,Grocery
C1223,25,28805,36.6,2.3,0.6,Female,East,Home
C1224,54,94518,58.47,11.4,9.4,Female,South,Grocery
C1225,50,74604,78.79,8.4,5.6,Male,North,Home
C1226,37,53152,64.13,8.4,2.9,Female,East,Sports
C1227,36,77891,26.69,11.5,4.3,Male,South,Electronics
C1228,34,44763,42.56,5.7,3.6,Male,West,Sports
C1229,52,85318,65.16,8.5,6.0,Male,East,Fashion
C1230,52,77221,65.42,9.5,5.9,Male,West,Grocery
C1231,58,92033,69.84,15.6,7.0,Male,North,Fashion
C1232,46,83396,111.09,10.1,12.0,Female,North,Grocery
C1233,37,48133,36.54,9.2,0.4,Male,South,Sports
C1234,57,92105,85.56,6.7,6.2,Female,East,Home
C1235,37,55851,74.28,6.0,2.0,Female,West,Home
C1236,39,83204,71.9,10.1,2.2,Male,South,Grocery
C1237,18,28077,8.29,2.5,0.7,Female,North,Home
C1238,37,50001,38.02,6.1,5.0,Male,North,Sports
C1239,40,92945,61.86,11.8,7.2,Female,East,Home
C1240,25,31399,26.96,3.9,1.0,Male,West,Sports
C1241,40,95102,51.73,8.2,6.9,Male,East,Fashion
C1242,35,69499,59.83,7.1,2.9,Male,West,Sports
C1243,49,69771,62.84,11.8,4.4,Female,West,Electronics
C1244,48,81099,96.79,13.5,9.7,Female,East,Electronics
C1245,27,25719,18.43,3.1,1.7,Male,South,Electronics
C1246,72,107883,89.69,6.1,10.1,Female,East,Grocery
C1247,57,97500,70.07,14.4,8.0,Female,East,Grocery
C1248,42,69018,43.82,9.0,3.2,Female,North,Grocery
C1249,24,39547,27.4,2.4,0.9,Female,North,Sports
C1250,33,56202,48.35,6.4,2.9,Female,East,Grocery
C1251,24,31692,17.21,3.2,1.0,Female,East,Fashion
C1252,18,35718,26.8,2.2,0.8,Female,North,Electronics
C1253,48,79591,72.62,7.5,4.6,Male,West,Sports
C1254,45,64958,61.8,10.9,2.7,Male,East,Electronics
C1255,42,81206,60.36,7.6,5.7,Male,South,Grocery
C1256,60,93856,68.42,6.6,10.0,Female,South,Sports
C1257,46,63772,71.55,7.9,5.7,Female,South,Home
C1258,25,41318,48.72,5.5,2.4,Male,East,Fashion
C1259,51,79981,84.33,9.3,7.9,Female,West,Grocery
C1260,62,89572,77.82,15.4,7.5,Male,West,Grocery
C1261,69,89645,65.87,11.9,8.6,Male,North,Fashion
C1262,41,72524,70.9,8.9,3.3,Female,East,Fashion
C1263,45,94210,75.02,17.9,7.3,Male,West,Home
C1264,28,25680,25.08,4.0,0.6,Male,East,Grocery
C1265,22,33776,21.58,2.9,0.9,Female,North,Grocery
C1266,27,31272,22.09,2.2,0.8,Female,North,Electronics
C1267,43,54720,43.67,10.3,1.2,Male,North,Sports
C1268,31,63732,55.24,7.1,3.5,Female,South,Sports
C1269,41,77715,64.91,8.7,5.1,Female,East,Electronics
C1270,40,86883,92.39,7.4,5.4,Male,North,Sports
C1271,20,28369,6.08,3.9,0.9,Male,East,Fashion
C1272,33,54698,41.46,4.9,2.5,Female,South,Sports
C1273,57,104429,93.0,9.1,6.8,Male,South,Sports
C1274,33,64194,47.03,5.5,3.7,Female,North,Electronics
C1275,28,27611,19.7,1.0,1.2,Female,North,Home
C1276,58,88975,85.09,7.5,7.3,Female,West,Sports
C1277,40,84382,54.98,12.8,6.6,Male,East,Sports
C1278,50,68626,73.12,6.6,6.0,Female,North,Home
C1279,23,37207,19.69,2.5,1.1,Male,West,Electronics
C1280,39,64274,28.99,5.1,3.5,Male,East,Home
C1281,37,56688,30.07,8.2,1.7,Male,North,Electronics
C1282,58,97329,89.14,10.6,5.3,Male,West,Fashion
C1283,37,43746,26.33,8.0,3.9,Female,West,Electronics
C1284,50,97629,90.01,18.7,11.1,Male,East,Fashion
C1285,57,71371,72.3,7.7,7.5,Male,West,Fashion
C1286,51,90795,50.91,6.8,3.4,Female,East,Electronics
C1287,56,71407,88.42,9.8,3.6,Male,East,Grocery
C1288,27,65763,31.28,4.7,2.7,Female,East,Electronics
C1289,29,56584,56.78,4.0,4.3,Male,South,Sports
C1290,42,71122,62.62,5.7,7.3,Female,West,Sports
C1291,32,76059,30.48,8.7,3.4,Female,East,Grocery
C1292,48,75297,69.83,9.0,2.7,Male,North,Fashion
C1293,58,97239,84.83,10.1,8.7,Male,South,Grocery
C1294,19,27449,19.35,2.0,1.0,Male,South,Sports
C1295,32,26131,24.9,3.1,0.5,Female,West,Grocery
C1296,68,102294,81.03,9.6,9.1,Male,East,Electronics
C1297,28,27895,17.04,2.7,1.1,Male,West,Grocery
C1298,35,67236,50.06,4.3,3.0,Male,South,Fashion
C1299,40,81329,67.75,9.5,5.6,Male,East,Electronics
C1300,26,31972,24.35,4.5,1.1,Female,North,Home
C1301,25,27115,28.38,1.0,0.1,Female,East,Sports
C1302,41,72860,67.56,8.6,4.0,Male,South,Sports
C1303,30,45967,61.7,6.0,2.6,Male,North,Grocery
C1304,27,23007,20.48,2.2,0.6,Female,East,Electronics
C1305,42,81487,67.77,8.3,2.8,Female,North,Home
C1306,62,91306,103.91,17.2,9.6,Male,North,Electronics
C1307,42,70056,52.66,7.8,3.0,Male,South,Sports
C1308,46,57462,30.75,7.0,2.6,Male,North,Electronics
C1309,19,33756,23.39,4.9,0.4,Female,West,Home
C1310,56,77623,95.49,10.6,8.0,Male,South,Grocery
C1311,26,27923,17.21,4.1,1.3,Female,West,Fashion
C1312,34,52258,46.25,5.2,2.7,Female,North,Electronics
C1313,26,31855,31.81,3.8,0.8,Female,West,Fashion
C1314,62,82158,68.28,10.9,8.5,Male,East,Sports
C1315,26,30646,22.92,6.2,0.7,Male,North,Grocery
C1316,35,54544,70.74,5.1,2.8,Male,East,Grocery
C1317,42,77076,102.39,9.2,6.5,Male,West,Electronics
C1318,33,45222,33.12,3.6,0.8,Female,East,Grocery
C1319,48,117159,87.19,13.9,7.0,Female,North,Electronics
C1320,40,43732,51.52,8.2,1.7,Female,East,Electronics
C1321,50,100481,86.86,20.0,8.5,Female,West,Fashion
C1322,24,32716,15.41,3.6,1.1,Male,West,Grocery
C1323,42,41761,56.57,5.2,2.4,Male,West,Electronics
C1324,26,60946,49.97,7.2,2.8,Male,North,Fashion
C1325,28,59927,48.84,3.3,1.6,Female,West,Home
C1326,39,100269,75.17,10.9,3.6,Female,North,Fashion
C1327,38,52818,45.19,6.9,4.5,Female,East,Fashion
C1328,36,47173,28.56,5.3,3.8,Male,West,Electronics
C1329,21,27561,19.8,3.9,0.8,Male,East,Sports
C1330,23,25478,11.82,1.9,0.8,Female,South,Sports
C1331,38,60773,47.16,6.8,2.8,Male,East,Sports
C1332,39,44680,52.17,10.1,1.8,Female,South,Fashion
C1333,53,82077,81.37,9.1,5.5,Female,East,Electronics
C1334,53,90279,89.66,11.0,8.4,Female,North,Grocery
C1335,57,103955,107.02,8.6,9.7,Male,East,Fashion
C1336,35,62392,47.69,7.0,2.4,Male,North,Fashion
C1337,35,58266,43.94,6.0,1.0,Male,North,Electronics
C1338,43,117573,94.68,13.5,6.0,Male,West,Home
C1339,59,103508,64.69,13.9,5.5,Male,North,Fashion
C1340,22,31241,23.44,3.7,0.4,Female,South,Home
C1341,41,85441,55.91,7.8,4.9,Female,West,Home
C1342,45,69827,65.85,8.7,5.7,Male,West,Sports
C1343,50,105528,48.31,13.5,7.9,Male,East,Electronics
C1344,28,31119,28.41,4.1,0.9,Male,North,Home
C1345,24,31634,20.61,3.3,1.0,Male,North,Electronics
C1346,31,55473,57.12,5.4,2.4,Female,South,Sports
C1347,43,66053,72.12,10.8,6.3,Male,East,Electronics
C1348,44,66676,56.81,11.8,4.4,Male,East,Fashion
C1349,35,42974,46.51,6.9,3.2,Male,West,Home
C1350,58,110949,57.96,12.9,9.5,Female,West,Electronics
C1351,24,30546,39.23,3.3,0.9,Female,West,Grocery
C1352,22,31298,24.91,2.5,1.1,Male,South,Electronics
C1353,37,44756,36.58,7.3,4.5,Female,South,Home
C1354,45,47193,21.08,4.7,1.5,Female,West,Sports
C1355,28,47614,48.97,1.0,2.9,Female,East,Sports
C1356,22,26183,33.82,2.6,0.1,Male,South,Home
C1357,30,64968,54.11,5.5,4.0,Female,East,Fashion
C1358,53,61206,44.42,8.4,5.2,Female,East,Fashion
C1359,24,40377,5.0,2.3,0.9,Female,North,Sports
C1360,31,40273,40.45,5.8,3.1,Female,West,Sports
C1361,36,46351,37.78,7.7,5.0,Female,North,Home
C1362,48,87557,81.29,5.8,5.8,Male,West,Fashion
C1363,23,34348,36.71,2.4,0.6,Female,West,Sports
C1364,45,78344,51.0,11.3,2.4,Female,East,Fashion
C1365,56,112281,90.59,12.3,9.8,Female,West,Sports
C1366,31,27038,27.16,3.7,1.0,Male,East,Electronics
C1367,44,70655,73.05,5.4,8.0,Female,East,Grocery
C1368,50,67690,40.8,10.6,5.8,Female,West,Electronics
C1369,38,70544,65.97,9.3,5.0,Male,East,Sports
C1370,32,49984,36.17,6.2,2.5,Female,East,Grocery
C1371,26,30092,19.62,3.8,1.5,Female,East,Grocery
C1372,20,32504,14.79,4.5,0.9,Female,South,Sports
C1373,48,61646,62.71,8.8,4.0,Male,East,Sports
C1374,75,75993,64.03,9.7,5.3,Male,South,Fashion
C1375,32,53993,35.95,8.6,4.1,Female,South,Sports
C1376,57,93923,69.55,13.7,9.7,Male,East,Home
C1377,49,100372,92.12,12.7,8.9,Female,East,Sports
C1378,44,85654,62.2,7.0,3.3,Female,South,Home
C1379,28,59141,37.21,4.1,4.6,Female,South,Sports
C1380,29,28984,7.39,3.3,1.0,Male,East,Fashion
C1381,28,42546,45.59,6.8,2.0,Female,East,Home
C1382,57,105469,101.12,10.8,10.8,Male,West,Electronics
C1383,22,32394,25.82,3.4,1.3,Male,South,Home
C1384,40,81818,76.13,8.9,5.0,Male,South,Fashion
C1385,58,110341,92.94,13.1,7.5,Male,West,Home
C1386,46,97925,88.84,15.3,7.1,Female,South,Sports
C1387,44,86890,76.39,10.8,3.0,Female,North,Sports
C1388,55,86692,67.05,8.8,4.0,Male,South,Fashion
C1389,48,72182,74.0,9.0,6.3,Female,West,Grocery
C1390,35,59744,25.88,6.3,3.2,Male,North,Sports
C1391,21,30496,17.44,2.0,1.3,Female,East,Electronics
C1392,70,82681,99.31,14.2,10.3,Female,West,Fashion
C1393,36,43739,35.95,9.2,2.2,Female,West,Home
C1394,54,101837,103.22,15.2,9.0,Male,East,Home
C1395,44,90475,66.79,10.6,2.7,Female,West,Electronics
C1396,31,38382,23.82,1.7,1.6,Male,South,Sports
C1397,36,64012,19.16,6.7,4.7,Female,East,Fashion
C1398,41,69691,57.68,12.2,3.6,Male,West,Electronics
C1399,44,87065,83.01,10.1,5.3,Female,East,Sports
C1400,68,82980,107.76,13.1,5.5,Female,East,Fashion
C1401,28,33424,31.84,5.6,1.4,Female,East,Home
C1402,30,47083,48.63,5.1,1.8,Male,North,Fashion
C1403,56,96595,73.43,8.8,7.5,Female,West,Grocery
C1404,23,32885,25.22,2.0,1.0,Male,North,Fashion
C1405,49,88337,85.53,8.3,9.1,Female,West,Grocery
C1406,39,52960,61.61,4.0,2.2,Male,South,Fashion
C1407,30,59848,45.49,5.5,3.5,Male,South,Grocery
C1408,23,31352,30.54,1.9,0.2,Female,South,Home
C1409,26,30240,20.96,4.5,1.6,Male,West,Sports
C1410,53,113040,54.47,14.2,7.2,Male,East,Grocery
C1411,36,50818,46.5,6.7,4.8,Male,East,Grocery
C1412,38,50625,72.49,5.8,3.2,Male,North,Home
C1413,24,42228,21.2,2.8,1.4,Female,North,Grocery
C1414,33,55586,30.27,6.8,4.5,Female,South,Electronics
C1415,30,58771,59.24,3.1,3.8,Male,North,Home
C1416,52,98348,96.7,10.4,8.5,Male,West,Electronics
C1417,45,63233,35.36,7.6,1.8,Male,West,Home
C1418,45,50910,31.24,8.2,3.5,Male,North,Grocery
C1419,37,38344,28.17,5.7,2.7,Female,North,Electronics
C1420,60,76693,70.48,13.1,8.6,Female,North,Grocery
C1421,46,74298,48.45,9.6,4.1,Male,North,Home
C1422,33,49194,30.31,6.5,3.1,Male,South,Grocery
C1423,61,112325,126.83,10.0,6.6,Male,South,Electronics
C1424,23,31668,20.42,3.9,0.4,Female,North,Electronics
C1425,26,25112,16.13,3.6,0.1,Female,West,Grocery
C1426,25,23776,11.57,4.6,1.3,Male,South,Fashion
C1427,37,51584,50.44,8.1,3.6,Male,West,Home
C1428,21,30909,23.06,3.4,0.7,Female,East,Home
C1429,21,36778,18.88,2.2,1.6,Female,West,Grocery
C1430,32,56494,45.41,8.0,2.1,Male,North,Fashion
C1431,46,99424,61.16,14.1,6.6,Male,East,Electronics
C1432,19,17641,18.62,2.4,0.6,Male,South,Sports
C1433,50,78681,54.41,7.3,5.4,Female,South,Sports
C1434,24,29722,21.74,1.4,0.9,Male,East,Grocery
C1435,47,67017,90.68,8.6,4.2,Male,West,Fashion
C1436,22,26015,27.07,3.5,1.6,Female,South,Fashion
C1437,38,53845,41.1,8.3,3.6,Male,North,Home
C1438,36,52313,41.43,6.0,3.2,Female,East,Electronics
C1439,54,94452,102.29,15.4,6.4,Male,North,Fashion
C1440,39,49297,57.27,8.6,4.6,Male,East,Sports
C1441,31,68323,51.83,7.9,2.6,Female,South,Electronics
C1442,57,80597,53.21,9.2,4.3,Male,West,Electronics
C1443,38,58193,55.74,7.7,2.5,Female,East,Grocery
C1444,32,70105,97.36,6.5,5.5,Female,East,Fashion
C1445,49,89469,85.85,12.2,5.3,Male,North,Grocery
C1446,66,113929,118.97,13.5,6.2,Female,South,Fashion
C1447,28,18944,16.05,3.0,0.8,Male,North,Home
C1448,28,27703,28.24,3.2,0.7,Female,South,Grocery
C1449,67,76721,44.61,9.2,9.0,Male,North,Grocery
C1450,30,50394,51.7,9.3,3.4,Female,East,Sports
C1451,20,33628,19.54,2.2,0.5,Male,North,Grocery
C1452,62,109340,61.19,18.2,4.9,Male,West,Fashion
C1453,36,60569,34.84,11.2,1.4,Female,South,Sports
C1454,19,35031,21.8,1.8,1.0,Female,South,Grocery
C1455,28,26740,16.13,2.5,1.5,Male,East,Grocery
C1456,48,101870,90.67,9.8,8.7,Male,South,Home
C1457,24,27564,23.15,2.5,1.1,Female,West,Grocery
C1458,31,61585,59.27,4.1,3.1,Female,North,Electronics
C1459,49,77670,49.02,4.7,6.3,Male,East,Sports
C1460,39,50640,36.38,1.7,3.9,Male,West,Electronics
C1461,45,81585,58.35,6.8,3.3,Male,South,Sports
C1462,26,28650,20.63,3.6,1.3,Female,South,Home
C1463,44,77342,59.94,9.7,5.9,Male,West,Grocery
C1464,47,64189,66.23,9.4,3.8,Male,North,Grocery
C1465,49,76965,73.37,10.8,5.7,Female,North,Grocery
C1466,54,59842,73.69,10.6,3.0,Male,East,Sports
C1467,35,46115,24.68,8.4,1.4,Female,South,Grocery
C1468,24,37480,35.31,2.7,1.3,Male,West,Electronics
C1469,20,30236,32.59,1.4,2.4,Male,North,Grocery
C1470,50,80906,65.48,8.1,6.3,Male,East,Home
C1471,53,69445,37.97,12.6,5.9,Female,South,Electronics
C1472,29,31688,15.6,2.8,0.3,Male,South,Grocery
C1473,32,21692,6.65,1.2,0.5,Female,East,Grocery
C1474,41,69839,79.88,8.9,3.5,Female,East,Fashion
C1475,43,73131,64.62,8.0,4.5,Female,North,Sports
C1476,24,57048,65.13,3.9,3.0,Male,West,Electronics
C1477,52,94956,84.04,14.9,6.9,Male,South,Fashion
C1478,41,78824,82.86,9.2,4.2,Male,West,Home
C1479,23,29221,23.17,2.8,0.6,Male,South,Sports
C1480,46,77237,80.6,8.6,3.0,Male,South,Electronics
C1481,46,75822,55.86,8.6,4.2,Female,West,Grocery
C1482,23,31448,26.17,3.0,1.4,Male,East,Electronics
C1483,46,67728,99.79,7.8,6.0,Male,North,Grocery
C1484,31,52848,37.33,6.4,3.0,Male,South,Sports
C1485,25,26686,19.81,2.8,1.7,Female,East,Grocery
C1486,31,41379,75.96,5.4,3.9,Male,South,Home
C1487,51,70602,77.27,9.3,7.7,Female,North,Grocery
C1488,54,78801,75.62,6.0,6.8,Male,South,Home
C1489,57,93809,56.66,11.0,9.4,Female,North,Sports
C1490,28,44639,53.41,3.9,1.5,Female,North,Sports
C1491,36,52523,50.29,9.9,2.3,Male,South,Electronics
C1492,35,55445,44.23,6.1,3.7,Male,South,Home
C1493,26,20646,16.26,1.4,1.7,Male,North,Home
C1494,64,99224,110.64,15.8,6.3,Male,East,Fashion
C1495,43,79296,70.83,5.2,7.6,Female,West,Fashion
C1496,30,33163,17.43,2.0,0.3,Female,North,Fashion
C1497,22,41353,36.61,3.1,0.1,Female,South,Grocery
C1498,49,75961,62.38,7.6,4.4,Female,South,Fashion
C1499,26,21106,15.01,3.3,0.8,Male,East,Home
