Customer_ID,Age,Annual_Income,Monthly_Spend,Purchase_Freq,Tenure_Years,Gender,Region,Category_Pref,Cluster,Segment,PCA1,PCA2
C1000,20,23944,25.18,2.9,1.3,Female,West,Home,1,Budget Shoppers,-2.829682919224842,-0.1263454009990111
C1001,37,69038,37.05,9.8,3.4,Female,East,Electronics,2,Occasional Buyers,-0.05354865158096382,0.8661043821219482
C1002,54,68571,65.99,4.1,3.0,Male,South,Electronics,3,Regular Customers,0.31239547153987135,-0.7891581201133504
C1003,38,60602,44.33,8.6,3.2,Male,East,Home,2,Occasional Buyers,-0.2221137822386625,0.5166559475194317
C1004,40,85531,63.52,7.5,5.8,Female,North,Sports,3,Regular Customers,0.9255558187085613,-0.4174210059451278
C1005,30,57609,44.76,4.0,3.4,Male,South,Home,2,Occasional Buyers,-1.053920948007699,-0.5278923369114853
C1006,24,32067,28.87,2.5,0.4,Male,South,Fashion,1,Budget Shoppers,-2.6634801021600016,-0.18685627109619485
C1007,48,89093,72.95,9.2,6.2,Male,West,Home,3,Regular Customers,1.6961845617179554,-0.24907769609876151
C1008,60,65913,87.55,14.8,10.9,Male,North,Electronics,0,Premium Loyalists,3.3358596740177093,0.2728918603148759
C1009,40,49365,46.47,7.3,3.7,Male,West,Home,2,Occasional Buyers,-0.3934372377246248,0.17828678799421857
C1010,45,60144,45.32,7.2,5.6,Male,South,Grocery,3,Regular Customers,0.2582722208333637,-0.032175717245139054
C1011,56,72325,91.67,10.8,9.4,Female,North,Fashion,0,Premium Loyalists,2.6814128781556983,-0.5336880770953208
C1012,22,35838,23.95,2.1,0.7,Male,South,Home,1,Budget Shoppers,-2.745857235964527,-0.22960651418091205
C1013,28,54565,27.72,8.0,2.2,Male,North,Electronics,2,Occasional Buyers,-1.2005035799807164,0.7832395681338574
C1014,41,86827,69.02,3.2,12.0,Female,South,Fashion,3,Regular Customers,1.5738220812707289,-2.1171007440840715
C1015,23,27837,29.38,2.2,1.4,Male,East,Electronics,1,Budget Shoppers,-2.643972234177359,-0.3636639510612056
C1016,38,69292,26.13,7.7,5.4,Male,East,Sports,2,Occasional Buyers,-0.11957337479221865,0.40897390789268784
C1017,37,63392,39.85,7.0,2.8,Female,West,Grocery,2,Occasional Buyers,-0.5297071141774112,0.29062572777812795
C1018,68,100280,76.99,19.9,8.5,Male,East,Sports,0,Premium Loyalists,4.286275012992923,1.7804681728344318
C1019,38,48773,71.53,9.7,4.0,Male,South,Grocery,3,Regular Customers,0.27131558606449174,0.1782083541533057
C1020,27,25845,15.72,4.5,1.5,Female,South,Home,1,Budget Shoppers,-2.4878181682468123,0.40042191124207566
C1021,40,53528,43.44,8.2,4.3,Male,East,Fashion,2,Occasional Buyers,-0.16757340429951267,0.35381316818508496
C1022,34,52001,42.3,6.4,2.7,Female,West,Home,2,Occasional Buyers,-0.8924119352112614,0.14071030356510122
C1023,23,33854,16.58,4.2,1.6,Female,East,Grocery,1,Budget Shoppers,-2.485693212900982,0.2723908714609802
C1024,47,92958,50.4,5.5,6.7,Male,North,Grocery,3,Regular Customers,1.0057052747624737,-0.6833553668994263
C1025,71,102712,77.51,11.8,8.2,Female,North,Grocery,0,Premium Loyalists,3.466506118642067,0.07133802059380785
C1026,52,66830,55.15,8.4,5.1,Female,North,Electronics,3,Regular Customers,0.8566286046458749,0.1071764191286114
C1027,46,79924,42.73,6.9,6.6,Male,East,Fashion,3,Regular Customers,0.7434448642333772,-0.19933291386236096
C1028,54,94014,90.18,10.2,9.4,Female,East,Home,0,Premium Loyalists,2.9191873563425847,-0.6949898775991397
C1029,45,93467,69.49,9.6,3.9,Male,East,Home,3,Regular Customers,1.2905499374677736,0.12884577115552337
C1030,65,104124,72.13,13.2,9.4,Female,North,Sports,0,Premium Loyalists,3.5408713268858976,0.31448322138596063
C1031,44,67031,51.77,5.0,1.7,Male,West,Grocery,2,Occasional Buyers,-0.4172170268174054,-0.22415088781471787
C1032,24,19809,9.64,3.1,0.1,Male,South,Grocery,1,Budget Shoppers,-3.1947459068019253,0.3689442062302315
C1033,46,81748,65.05,5.2,5.6,Male,East,Grocery,3,Regular Customers,0.7983076452792475,-0.8836196467773458
C1034,34,73328,44.79,8.5,3.6,Female,West,Home,2,Occasional Buyers,-0.06802018538479744,0.39521931088938467
C1035,43,79714,70.88,8.5,5.2,Male,South,Sports,3,Regular Customers,1.0678945758627827,-0.2503680790244158
C1036,27,41460,48.86,7.0,3.4,Male,South,Electronics,2,Occasional Buyers,-1.046675288817797,0.06430178975348619
C1037,51,86816,83.32,14.1,10.9,Male,South,Fashion,0,Premium Loyalists,3.2514087873817163,0.11394730632403084
C1038,36,69791,33.1,7.2,2.8,Female,West,Electronics,2,Occasional Buyers,-0.537227316780146,0.4419630108699964
C1039,29,57780,43.24,7.6,2.4,Female,West,Home,2,Occasional Buyers,-0.8572781942443917,0.3776898098489738
C1040,23,30242,28.4,3.1,1.3,Female,North,Grocery,1,Budget Shoppers,-2.5280996457378047,-0.1467835704986466
C1041,19,32852,37.14,2.0,0.3,Female,West,Fashion,1,Budget Shoppers,-2.761399288243975,-0.46363159967220197
C1042,64,95322,102.73,13.3,4.2,Female,West,Home,0,Premium Loyalists,3.038133666037459,0.3369167853942764
C1043,62,95557,66.38,13.3,10.7,Male,West,Home,0,Premium Loyalists,3.396729095311368,0.3116021645538828
C1044,38,58780,64.67,2.8,3.7,Female,South,Home,2,Occasional Buyers,-0.5009440478599373,-1.1643715334667926
C1045,46,77858,64.59,11.1,4.2,Female,East,Fashion,3,Regular Customers,1.1739655651732357,0.5531113804934412
C1046,26,25750,21.91,2.6,0.9,Female,North,Fashion,1,Budget Shoppers,-2.735575567560605,-0.06382867491291982
C1047,26,39383,11.68,2.0,1.8,Female,East,Sports,1,Budget Shoppers,-2.5798582778110024,-0.1290519226759556
C1048,28,49374,28.04,4.3,4.2,Male,East,Sports,2,Occasional Buyers,-1.3981466350386649,-0.2218643299148004
C1049,41,86087,53.7,9.0,6.6,Male,West,Electronics,3,Regular Customers,1.1065416051049912,0.007013200134221578
C1050,46,69477,42.82,9.6,2.3,Female,North,Fashion,3,Regular Customers,0.1743692379715053,0.8707392770681549
C1051,44,61555,87.96,10.4,4.6,Female,East,Fashion,3,Regular Customers,1.1769310243402333,-0.0534544497861894
C1052,53,97358,76.24,13.6,9.0,Female,East,Fashion,0,Premium Loyalists,3.038170190609367,0.33054699115237424
C1053,62,86883,110.06,11.4,6.5,Female,North,Sports,0,Premium Loyalists,3.0822172948751696,-0.4481533839031935
C1054,41,68352,61.51,8.8,3.1,Female,West,Home,3,Regular Customers,0.32601221540699343,0.23867184360217422
C1055,58,74835,55.92,5.6,4.4,Male,East,Grocery,3,Regular Customers,0.7983096773664818,-0.42599452659420584
C1056,47,59297,67.13,6.4,3.4,Female,South,Sports,3,Regular Customers,0.23810535102667799,-0.3682293328408583
C1057,63,68614,69.5,11.7,7.7,Male,East,Fashion,0,Premium Loyalists,2.3201739758504103,0.30385806157025896
C1058,44,89205,56.35,11.0,6.8,Male,South,Sports,3,Regular Customers,1.5786408627736814,0.36973793848317943
C1059,29,50803,56.02,4.2,2.8,Male,West,Electronics,2,Occasional Buyers,-1.0990981874593522,-0.6213880649003065
C1060,51,88292,117.01,4.4,9.1,Female,East,Fashion,0,Premium Loyalists,2.442366233742743,-2.415788850142273
C1061,48,65172,31.76,5.1,3.0,Male,North,Electronics,2,Occasional Buyers,-0.42731128006028596,0.057497664030197355
C1062,47,80839,84.53,7.4,4.7,Male,North,Fashion,3,Regular Customers,1.2552812337076968,-0.6767663874677454
C1063,25,20975,23.49,4.1,1.1,Female,East,Sports,1,Budget Shoppers,-2.6287001807205996,0.21367450957393297
C1064,23,25389,5.0,4.4,0.5,Male,West,Home,1,Budget Shoppers,-2.991278988637794,0.6749114910172502
C1065,53,77830,88.0,15.4,7.6,Female,West,Grocery,0,Premium Loyalists,2.856916830622375,0.6928350332878186
C1066,29,53520,61.37,6.4,3.5,Female,North,Electronics,2,Occasional Buyers,-0.5930413017549986,-0.3331884970513668
C1067,61,91626,116.11,15.2,9.6,Female,East,Sports,0,Premium Loyalists,4.169934985987635,-0.09958649676886845
C1068,25,25697,10.19,3.5,1.2,Female,West,Home,1,Budget Shoppers,-2.818378907580123,0.3150359736153542
C1069,30,27959,11.04,2.7,0.7,Male,North,Sports,1,Budget Shoppers,-2.7555461488602493,0.197500182331822
C1070,47,97992,88.21,13.9,5.8,Female,South,Electronics,0,Premium Loyalists,2.5608470646258668,0.4880564330876085
C1071,37,53077,33.21,5.1,1.6,Male,East,Grocery,2,Occasional Buyers,-1.244208144046722,0.16389364945282361
C1072,29,53735,64.36,4.7,3.7,Female,South,Sports,2,Occasional Buyers,-0.7024291210013875,-0.7771172948986583
C1073,64,86598,64.89,12.7,7.9,Male,South,Fashion,0,Premium Loyalists,2.7597276200350036,0.5453211325359443
C1074,41,70212,64.86,10.0,4.7,Female,West,Home,3,Regular Customers,0.811057084579412,0.25446197523940395
C1075,37,85666,95.2,8.1,2.8,Male,West,Sports,3,Regular Customers,0.9450798788580272,-0.5771751766153679
C1076,34,55976,45.91,7.5,3.4,Male,West,Home,2,Occasional Buyers,-0.519004009389268,0.22275864603135462
C1077,32,63753,48.95,7.7,3.7,Male,East,Fashion,2,Occasional Buyers,-0.32347373628356924,0.14812222749300072
C1078,50,62232,77.58,10.3,3.8,Male,South,Grocery,3,Regular Customers,1.089190993041645,0.23308117789031818
C1079,30,38412,48.37,5.3,2.9,Female,East,Grocery,2,Occasional Buyers,-1.2802593977887213,-0.2168276974161617
C1080,37,58914,26.15,6.6,4.4,Male,West,Fashion,2,Occasional Buyers,-0.6344753019732771,0.3017337655852794
C1081,24,29669,23.19,3.3,1.2,Female,South,Home,1,Budget Shoppers,-2.5839081973196367,0.01155390749382832
C1082,41,58390,32.71,11.7,7.1,Female,East,Sports,3,Regular Customers,0.6281515541114878,0.997290296164931
C1083,52,88821,59.52,8.8,4.9,Female,East,Fashion,3,Regular Customers,1.3534822151908463,0.07893236228811308
C1084,48,70798,46.85,8.8,6.0,Male,North,Electronics,3,Regular Customers,0.8375379510511399,0.22607945971683008
C1085,38,48676,58.27,6.2,5.4,Male,East,Home,2,Occasional Buyers,-0.13355030726081787,-0.4733481936875193
C1086,32,52112,46.26,7.2,1.4,Female,West,Grocery,2,Occasional Buyers,-1.0105628306025614,0.36963966453239755
C1087,39,44186,55.0,7.4,4.5,Male,East,Fashion,2,Occasional Buyers,-0.2421707606354658,-0.04083773411340155
C1088,54,97293,97.93,11.7,11.3,Male,South,Grocery,0,Premium Loyalists,3.5873576092756947,-0.7342907104942389
C1089,38,44214,52.61,7.5,3.7,Female,East,Home,2,Occasional Buyers,-0.43401015680143307,0.10850939342986249
C1090,36,46147,29.12,5.3,3.2,Female,North,Grocery,2,Occasional Buyers,-1.1990424176110581,0.1230469634464151
C1091,51,86697,90.55,11.9,7.5,Female,South,Fashion,0,Premium Loyalists,2.574378298224178,-0.12598374831808054
C1092,18,27116,33.89,2.9,1.4,Male,South,Home,1,Budget Shoppers,-2.679145419926497,-0.3187133330677368
C1093,26,25106,5.0,5.1,0.5,Female,North,Electronics,1,Budget Shoppers,-2.808836863621872,0.838749494932061
C1094,39,63114,64.54,9.4,3.7,Male,West,Fashion,3,Regular Customers,0.3733181485249534,0.24882599859130045
C1095,59,94427,72.81,14.6,6.5,Male,South,Sports,0,Premium Loyalists,2.8555624901778383,0.9146552643348692
C1096,36,69375,74.14,12.4,4.3,Female,West,Fashion,3,Regular Customers,0.9860665043309279,0.6175665614759552
C1097,28,36006,17.1,3.7,1.1,Male,South,Home,1,Budget Shoppers,-2.3959215422597575,0.22578488745534703
C1098,48,70377,53.66,6.0,5.4,Male,South,Fashion,3,Regular Customers,0.5262148392743471,-0.43806633434023284
C1099,43,102802,83.26,12.8,5.4,Male,West,Electronics,0,Premium Loyalists,2.2333988420669404,0.3605396303989532
C1100,27,47404,59.73,7.0,1.7,Female,South,Electronics,2,Occasional Buyers,-1.0244373858223084,0.028360893263185017
C1101,66,89642,107.51,11.5,8.8,Female,West,Sports,0,Premium Loyalists,3.612409807851849,-0.6175561609958756
C1102,22,34151,17.93,2.2,0.8,Female,North,Grocery,1,Budget Shoppers,-2.8512978797789583,-0.10070183566386562
C1103,51,81324,48.62,7.8,4.0,Female,West,Home,3,Regular Customers,0.7354346830532181,0.1825920319343918
C1104,27,34178,33.47,3.0,0.7,Male,North,Home,1,Budget Shoppers,-2.33399096442832,-0.1915884519086326
C1105,18,33271,18.47,2.7,0.7,Male,South,Grocery,1,Budget Shoppers,-2.959729101295499,-0.007811285923955967
C1106,37,89533,35.37,9.9,6.0,Male,West,Electronics,3,Regular Customers,0.7263731447602569,0.5877594375968747
C1107,43,83896,60.42,7.6,4.1,Male,South,Electronics,3,Regular Customers,0.68974129880013,-0.13567282395763483
C1108,30,21652,24.18,4.2,1.0,Female,West,Fashion,1,Budget Shoppers,-2.430459542650305,0.25275330726704265
C1109,45,76777,67.0,6.2,2.4,Female,North,Sports,3,Regular Customers,0.30678177010279994,-0.350733100380175
C1110,45,71908,51.52,5.8,9.7,Male,North,Sports,3,Regular Customers,1.0757231452887719,-0.9239784099744432
C1111,57,74668,87.07,11.6,6.7,Male,West,Sports,0,Premium Loyalists,2.3436870473849174,0.0172476667114353
C1112,27,69166,34.15,5.6,3.3,Male,North,Fashion,2,Occasional Buyers,-0.9567544222324422,-0.012896585465342825
C1113,47,105087,77.59,14.0,6.4,Male,South,Sports,0,Premium Loyalists,2.6210546896371336,0.6288201110415731
C1114,56,96537,101.54,13.8,10.1,Female,South,Grocery,0,Premium Loyalists,3.7556636957514815,-0.21123705978050156
C1115,50,97920,80.38,11.8,6.6,Male,East,Fashion,0,Premium Loyalists,2.420487329508243,0.11199277428860273
C1116,50,74653,67.23,7.8,6.3,Male,North,Grocery,3,Regular Customers,1.2572327031798778,-0.4086084917349581
C1117,58,102745,74.19,8.4,9.6,Female,South,Fashion,0,Premium Loyalists,2.779243295714247,-0.8035207579136588
C1118,67,87168,80.26,12.6,5.2,Male,West,Sports,0,Premium Loyalists,2.6936704902438517,0.5369402441709027
C1119,33,62485,33.14,8.0,5.0,Female,North,Grocery,2,Occasional Buyers,-0.3357664894608779,0.37869862068239496
C1120,18,25462,14.49,1.1,0.5,Male,South,Grocery,1,Budget Shoppers,-3.388363809215265,-0.23525670458833817
C1121,36,53034,42.92,3.9,2.8,Female,North,Grocery,2,Occasional Buyers,-1.0633024241657396,-0.4125028873450848
C1122,63,116611,87.1,11.5,8.1,Female,West,Fashion,0,Premium Loyalists,3.5507223975329913,-0.23198618709136395
C1123,69,92348,52.54,10.1,8.1,Female,South,Home,0,Premium Loyalists,2.5693037733398905,0.20744103254194282
C1124,25,24351,16.33,4.8,0.8,Male,East,Sports,1,Budget Shoppers,-2.654030247313342,0.5242807712193968
C1125,38,63826,59.97,5.8,3.3,Female,East,Grocery,2,Occasional Buyers,-0.20479204701699202,-0.39984932232392345
C1126,47,84843,59.18,8.9,5.0,Male,North,Home,3,Regular Customers,1.1227841060788026,0.08408894806597815
C1127,31,32814,14.82,3.0,0.8,Male,West,Sports,1,Budget Shoppers,-2.515243403125022,0.17192439316049424
C1128,18,26980,31.04,4.2,1.1,Male,South,Sports,1,Budget Shoppers,-2.627978685885852,0.047359091428859044
C1129,23,29748,21.58,2.8,0.6,Male,West,Grocery,1,Budget Shoppers,-2.7987788820575927,-0.004551011350956216
C1130,26,30432,15.0,2.9,1.4,Female,South,Grocery,1,Budget Shoppers,-2.65060519118527,0.06613344312633776
C1131,18,75480,51.47,6.2,4.2,Female,North,Fashion,2,Occasional Buyers,-0.6554142297053089,-0.36435622084040936
C1132,51,88145,98.43,11.5,9.6,Female,South,Home,0,Premium Loyalists,3.023820169036925,-0.592953013342652
C1133,38,60703,56.29,8.4,4.5,Female,West,Home,3,Regular Customers,0.1662815320429682,0.10532550349382785
C1134,57,88231,93.23,12.3,4.8,Female,West,Grocery,0,Premium Loyalists,2.4768294097901897,0.2243510966300555
C1135,51,100105,73.29,7.9,11.4,Male,North,Sports,0,Premium Loyalists,2.695195319190744,-1.1129869487376642
C1136,36,52028,44.25,4.2,3.2,Male,West,Grocery,2,Occasional Buyers,-0.9610922140375,-0.4143622238503632
C1137,30,50652,25.26,4.8,4.1,Female,South,Sports,2,Occasional Buyers,-1.3082840298908318,-0.04539591191400743
C1138,32,52091,34.98,7.4,5.1,Male,North,Sports,2,Occasional Buyers,-0.5868642921585457,0.22482755326620876
C1139,47,80072,54.83,9.0,3.6,Female,South,Grocery,3,Regular Customers,0.7484168409270926,0.3516363479988015
C1140,58,95344,101.34,15.5,6.9,Male,West,Electronics,0,Premium Loyalists,3.4858401881596306,0.5165167523940083
C1141,45,74255,67.88,8.1,6.0,Male,North,Home,3,Regular Customers,1.068927477429061,-0.3444730179136432
C1142,33,33792,52.14,7.7,2.8,Male,South,Sports,2,Occasional Buyers,-0.9350663976501422,0.2617135181903675
C1143,29,24959,29.29,3.5,0.9,Male,West,Sports,1,Budget Shoppers,-2.4150393617488435,0.004119415489775503
C1144,40,68622,44.5,10.9,6.0,Male,West,Electronics,3,Regular Customers,0.71372770201758,0.6923732258490367
C1145,50,116572,117.11,11.9,7.4,Female,East,Fashion,0,Premium Loyalists,3.526456209336585,-0.6953130387036007
C1146,41,58946,65.07,5.7,3.9,Male,West,Electronics,2,Occasional Buyers,-0.01805354857147678,-0.5586385205970478
C1147,27,58554,33.38,5.5,3.6,Female,South,Electronics,2,Occasional Buyers,-1.1306930887749733,-0.02680334356916621
C1148,65,113786,76.02,15.3,10.2,Male,North,Sports,0,Premium Loyalists,4.155935823162622,0.581350969144055
C1149,49,68872,82.95,11.6,4.1,Male,East,Home,3,Regular Customers,1.4652692497881594,0.35740325348795393
C1150,25,27778,27.33,3.0,0.2,Male,West,Electronics,1,Budget Shoppers,-2.707918548260333,-0.013958748104568243
C1151,31,56566,38.31,5.6,2.3,Female,West,Fashion,2,Occasional Buyers,-1.137974027980062,0.06426286674307262
C1152,34,24372,23.97,2.9,0.5,Male,West,Grocery,1,Budget Shoppers,-2.4702731611618987,0.04259809967266295
C1153,53,76467,50.43,12.2,3.5,Female,South,Electronics,3,Regular Customers,1.173875758410753,1.1673991990452448
C1154,40,74505,67.41,8.7,6.0,Male,East,Electronics,3,Regular Customers,0.9562795816341864,-0.2288226636635358
C1155,48,103500,108.93,13.4,9.7,Female,South,Fashion,0,Premium Loyalists,3.614291785333359,-0.4450101236611607
C1156,44,83339,37.46,8.4,6.2,Male,East,Home,3,Regular Customers,0.7554938827094336,0.24932647788110307
C1157,37,54806,72.03,8.6,2.7,Female,North,Electronics,2,Occasional Buyers,0.02180120186075763,0.05495862341373487
C1158,35,44991,51.63,4.6,3.0,Female,South,Electronics,2,Occasional Buyers,-0.9890597930026093,-0.43418137151705843
C1159,52,108407,48.31,16.1,11.0,Female,South,Home,0,Premium Loyalists,3.3443650130368145,1.1491582910213347
C1160,48,77029,64.77,8.7,3.5,Male,North,Fashion,3,Regular Customers,0.8446755022526508,0.12108270602496099
C1161,31,50681,56.57,6.7,1.1,Male,East,Electronics,2,Occasional Buyers,-1.0044688094806742,0.09838375292856369
C1162,43,69690,61.63,9.9,4.4,Male,West,Home,3,Regular Customers,0.7587786124552653,0.33671661492410926
C1163,26,52923,43.2,5.8,3.2,Female,North,Electronics,2,Occasional Buyers,-1.134827268917417,-0.09605392723173296
C1164,23,35187,25.86,1.0,1.5,Female,West,Grocery,1,Budget Shoppers,-2.6888777263603787,-0.5830222308498356
C1165,68,70499,126.05,14.3,6.6,Female,West,Sports,0,Premium Loyalists,3.611404607391009,-0.07470302807532615
C1166,45,73230,62.41,6.8,4.8,Male,North,Grocery,3,Regular Customers,0.6160600384883381,-0.38695298766149555
C1167,57,99112,93.56,5.6,6.8,Male,East,Electronics,0,Premium Loyalists,2.2327644395148365,-1.463639286545007
C1168,43,65016,60.46,9.2,5.1,Male,West,Fashion,3,Regular Customers,0.6833619007201993,0.14386471000721104
C1169,25,30357,19.43,1.9,1.2,Female,North,Sports,1,Budget Shoppers,-2.7600959679890433,-0.21500148405306466
C1170,22,33192,17.94,3.1,1.4,Female,South,Grocery,1,Budget Shoppers,-2.6694132606943985,0.029458783562547632
C1171,24,32649,28.63,4.7,0.7,Female,South,Home,1,Budget Shoppers,-2.355372737686908,0.25600286007982703
C1172,31,48956,35.76,7.0,1.7,Male,South,Fashion,2,Occasional Buyers,-1.25718975254051,0.49667454924274757
C1173,36,99553,79.01,7.3,3.7,Female,North,Grocery,3,Regular Customers,0.9462409835027905,-0.5771387754056265
C1174,20,21862,20.3,4.9,1.9,Female,South,Home,1,Budget Shoppers,-2.6244929698846837,0.3354565593816372
C1175,30,60687,51.6,6.6,2.6,Male,West,Electronics,2,Occasional Buyers,-0.7096822363013049,-0.020052157094903312
C1176,35,62861,38.36,3.9,2.0,Female,South,Home,2,Occasional Buyers,-1.1210121113761218,-0.2670197675995035
C1177,40,90505,55.8,6.7,5.8,Female,South,Grocery,3,Regular Customers,0.7956866989571315,-0.45462964049317534
C1178,18,34147,27.97,3.5,0.7,Female,West,Grocery,1,Budget Shoppers,-2.691022178003108,-0.018455654719203293
C1179,39,81218,83.2,7.5,3.4,Female,South,Electronics,3,Regular Customers,0.7580779556301832,-0.5241364349656297
C1180,37,81105,79.35,10.5,3.5,Male,West,Home,3,Regular Customers,0.9811392823889706,0.17377403976091618
C1181,39,55208,32.82,8.3,1.4,Male,South,Home,2,Occasional Buyers,-0.8031705707577119,0.8834425174216697
C1182,25,31178,7.55,1.4,1.3,Female,West,Electronics,1,Budget Shoppers,-2.9868573904380677,-0.10973367997217419
C1183,29,54231,33.95,2.8,1.9,Male,South,Home,2,Occasional Buyers,-1.7127693687861776,-0.4136202836813002
C1184,44,55111,36.74,6.3,2.6,Female,West,Electronics,2,Occasional Buyers,-0.5989240072718743,0.27107697002203535
C1185,32,56366,42.78,4.1,2.4,Female,North,Fashion,2,Occasional Buyers,-1.1873648375262378,-0.348662100361137
C1186,28,27940,14.63,3.4,0.6,Female,West,Grocery,1,Budget Shoppers,-2.702082608189811,0.2819649961861613
C1187,62,99526,60.14,11.1,7.9,Female,South,Fashion,0,Premium Loyalists,2.664377623080038,0.2522851029587842
C1188,39,48777,41.63,5.4,5.1,Male,South,Sports,2,Occasional Buyers,-0.5167976397740737,-0.29268408092705045
C1189,43,50107,47.81,6.4,2.8,Male,East,Sports,2,Occasional Buyers,-0.4974463616756509,0.06849634430466633
C1190,69,82745,75.52,12.8,7.7,Male,West,Sports,0,Premium Loyalists,3.0254270495635365,0.417532184085866
C1191,42,76664,79.24,9.3,1.8,Male,North,Electronics,3,Regular Customers,0.6652412225408093,0.13504322062051705
C1192,46,81815,60.65,7.4,7.1,Male,West,Home,3,Regular Customers,1.2184450421627668,-0.490909811287402
C1193,24,26746,25.59,2.8,0.1,Male,West,Fashion,1,Budget Shoppers,-2.8311809299383754,-0.014825452879062057
C1194,25,22607,32.01,2.3,0.9,Female,North,Fashion,1,Budget Shoppers,-2.6938840348876987,-0.31662807053383335
C1195,40,54737,28.33,1.8,3.5,Female,West,Fashion,2,Occasional Buyers,-1.2649837982998289,-0.6493996782146338
C1196,50,69823,54.96,7.9,4.5,Male,North,Fashion,3,Regular Customers,0.6842192434419175,0.05281927685314896
C1197,35,55147,45.53,4.9,4.4,Male,North,Sports,2,Occasional Buyers,-0.644765844729174,-0.43050859781445905
C1198,37,67745,64.6,9.7,3.0,Female,West,Fashion,3,Regular Customers,0.31174937971218464,0.36838572493588334
C1199,40,54226,36.69,5.8,3.6,Male,West,Home,2,Occasional Buyers,-0.6567669931823987,0.04102938088118305
C1200,45,84725,60.25,9.4,5.1,Male,South,Sports,3,Regular Customers,1.140821917371221,0.15195591229627428
C1201,20,34355,29.19,1.0,1.2,Male,South,Fashion,1,Budget Shoppers,-2.803204034106786,-0.6245136046915559
C1202,60,79636,91.93,12.9,11.5,Female,East,Electronics,0,Premium Loyalists,3.542061293056805,-0.31629253841643074
C1203,26,34630,31.19,3.8,0.7,Male,East,Grocery,1,Budget Shoppers,-2.307604955558609,0.018037155184204904
C1204,33,85807,45.03,6.1,5.7,Female,West,Grocery,3,Regular Customers,0.19165607450373914,-0.386955467749677
C1205,61,120959,75.49,12.4,5.7,Male,North,Grocery,0,Premium Loyalists,3.0844048015877497,0.4231528235954083
C1206,30,50410,15.01,8.6,1.9,Female,East,Sports,2,Occasional Buyers,-1.3996691298827235,1.2044065450639594
C1207,31,56478,50.03,7.9,2.6,Male,West,Fashion,2,Occasional Buyers,-0.6290340710648369,0.3032413511575092
C1208,46,68768,47.45,7.7,6.6,Male,East,Sports,3,Regular Customers,0.7077185334726785,-0.09032104755968638
C1209,19,33784,27.98,2.8,1.2,Female,North,Home,1,Budget Shoppers,-2.6626191498782754,-0.2180554609889133
C1210,56,102690,101.75,9.4,7.4,Female,West,Electronics,0,Premium Loyalists,2.935350712118694,-0.8813564496063335
C1211,22,28242,22.77,2.5,1.5,Female,North,Electronics,1,Budget Shoppers,-2.733116202687308,-0.1899555952280241
C1212,29,32405,21.61,2.6,0.1,Female,West,Grocery,1,Budget Shoppers,-2.637634321733977,0.025624011984833668
C1213,40,67322,87.36,9.6,4.5,Female,East,Grocery,3,Regular Customers,1.0231716368461596,-0.23400185090447864
C1214,49,75283,69.01,11.2,6.0,Female,South,Grocery,3,Regular Customers,1.606930728805884,0.3142848403332779
C1215,31,55913,36.92,6.7,2.6,Female,East,Fashion,2,Occasional Buyers,-0.9989304677309269,0.29577253541858584
C1216,40,63429,49.49,2.3,3.0,Male,East,Home,2,Occasional Buyers,-0.7686527284496749,-0.9102142612455588
C1217,39,65813,83.28,9.5,4.9,Male,South,Home,3,Regular Customers,0.9429899689915534,-0.22215264075854274
C1218,31,28904,9.74,1.6,1.1,Male,South,Home,1,Budget Shoppers,-2.7869682535183413,-0.055396792148683795
C1219,40,97988,63.94,8.6,5.7,Female,West,Home,3,Regular Customers,1.2750454773599997,-0.208356948979901
C1220,30,46903,42.07,5.3,2.6,Male,West,Grocery,2,Occasional Buyers,-1.2765656419792577,-0.08512098217072746
C1221,24,31886,22.77,2.3,1.4,Male,North,Electronics,1,Budget Shoppers,-2.6329677104624976,-0.22220793434078392
C1222,36,75586,64.7,6.7,1.7,Female,North,Grocery,2,Occasional Buyers,-0.12971652502195083,-0.15950814371060645
C1223,25,28805,36.6,2.3,0.6,Female,East,Home,1,Budget Shoppers,-2.5491141568199844,-0.3860598454742455
C1224,54,94518,58.47,11.4,9.4,Female,South,Grocery,0,Premium Loyalists,2.531792033256243,0.16315729772892232
C1225,50,74604,78.79,8.4,5.6,Male,North,Home,3,Regular Customers,1.4085756728690908,-0.4230280087986989
C1226,37,53152,64.13,8.4,2.9,Female,East,Sports,2,Occasional Buyers,-0.133312705102014,0.1441961358957943
C1227,36,77891,26.69,11.5,4.3,Male,South,Electronics,3,Regular Customers,0.24027574351861666,1.3043091889233838
C1228,34,44763,42.56,5.7,3.6,Male,West,Sports,2,Occasional Buyers,-0.9594270957142158,-0.094831208802857
C1229,52,85318,65.16,8.5,6.0,Male,East,Fashion,3,Regular Customers,1.524737348156038,-0.20354076016511385
C1230,52,77221,65.42,9.5,5.9,Male,West,Grocery,3,Regular Customers,1.4777147244121978,0.036543236933655104
C1231,58,92033,69.84,15.6,7.0,Male,North,Fashion,0,Premium Loyalists,2.9203213782152737,1.1328526348702397
C1232,46,83396,111.09,10.1,12.0,Female,North,Grocery,0,Premium Loyalists,3.1929445174399445,-1.4044529040259606
C1233,37,48133,36.54,9.2,0.4,Male,South,Sports,2,Occasional Buyers,-0.9995615417138256,1.1231000811671066
C1234,57,92105,85.56,6.7,6.2,Female,East,Home,3,Regular Customers,1.9982651479807543,-0.9936587327288534
C1235,37,55851,74.28,6.0,2.0,Female,West,Home,2,Occasional Buyers,-0.3321344105266379,-0.4723847462471755
C1236,39,83204,71.9,10.1,2.2,Male,South,Grocery,3,Regular Customers,0.7120357450313808,0.37401037038348356
C1237,18,28077,8.29,2.5,0.7,Female,North,Home,1,Budget Shoppers,-3.2511166452977722,0.15493169536235638
C1238,37,50001,38.02,6.1,5.0,Male,North,Sports,2,Occasional Buyers,-0.5616858649824137,-0.07457824526216238
C1239,40,92945,61.86,11.8,7.2,Female,East,Home,3,Regular Customers,1.7544540398578172,0.36729766297161764
C1240,25,31399,26.96,3.9,1.0,Male,West,Sports,1,Budget Shoppers,-2.415293538861848,0.09067202302710332
C1241,40,95102,51.73,8.2,6.9,Male,East,Fashion,3,Regular Customers,1.1610948644287677,-0.1859106058167784
C1242,35,69499,59.83,7.1,2.9,Male,West,Sports,2,Occasional Buyers,-0.12292655734043924,-0.10120233763262118
C1243,49,69771,62.84,11.8,4.4,Female,West,Electronics,3,Regular Customers,1.2136978072128919,0.747212420335652
C1244,48,81099,96.79,13.5,9.7,Female,East,Electronics,0,Premium Loyalists,3.0043466675349113,-0.13927142542970375
C1245,27,25719,18.43,3.1,1.7,Male,South,Electronics,1,Budget Shoppers,-2.573720026716668,0.027029858077468705
C1246,72,107883,89.69,6.1,10.1,Female,East,Grocery,0,Premium Loyalists,3.451044903362787,-1.5979556093764564
C1247,57,97500,70.07,14.4,8.0,Female,East,Grocery,0,Premium Loyalists,3.011808513729203,0.7448195605732804
C1248,42,69018,43.82,9.0,3.2,Female,North,Grocery,3,Regular Customers,0.11466409112728616,0.6091346210998555
C1249,24,39547,27.4,2.4,0.9,Female,North,Sports,1,Budget Shoppers,-2.480759743179355,-0.25272917204991263
C1250,33,56202,48.35,6.4,2.9,Female,East,Grocery,2,Occasional Buyers,-0.7159350050978676,-0.01022187808845041
C1251,24,31692,17.21,3.2,1.0,Female,East,Fashion,1,Budget Shoppers,-2.690652484006589,0.12042106260179901
C1252,18,35718,26.8,2.2,0.8,Female,North,Electronics,1,Budget Shoppers,-2.8152852022187815,-0.2899727702131947
C1253,48,79591,72.62,7.5,4.6,Male,West,Sports,3,Regular Customers,1.062365006221587,-0.41112925982036186
C1254,45,64958,61.8,10.9,2.7,Male,East,Electronics,3,Regular Customers,0.5884915844159373,0.7527764661186086
C1255,42,81206,60.36,7.6,5.7,Male,South,Grocery,3,Regular Customers,0.8587243646292494,-0.3061315993580824
C1256,60,93856,68.42,6.6,10.0,Female,South,Sports,0,Premium Loyalists,2.444572386326638,-1.0939112520016177
C1257,46,63772,71.55,7.9,5.7,Female,South,Home,3,Regular Customers,0.9005764253087724,-0.3949538043264216
C1258,25,41318,48.72,5.5,2.4,Male,East,Fashion,2,Occasional Buyers,-1.4556557211516121,-0.15469419072461127
C1259,51,79981,84.33,9.3,7.9,Female,West,Grocery,0,Premium Loyalists,2.1090036774982597,-0.5933930045280281
C1260,62,89572,77.82,15.4,7.5,Male,West,Grocery,0,Premium Loyalists,3.2088351389567786,0.9072787590337107
C1261,69,89645,65.87,11.9,8.6,Male,North,Fashion,0,Premium Loyalists,3.031146335313225,0.29309869680558
C1262,41,72524,70.9,8.9,3.3,Female,East,Fashion,3,Regular Customers,0.6055108471523336,0.050189770227260885
C1263,45,94210,75.02,17.9,7.3,Male,West,Home,0,Premium Loyalists,2.897023366842961,1.4346591315428145
C1264,28,25680,25.08,4.0,0.6,Male,East,Grocery,1,Budget Shoppers,-2.498711356941744,0.21790256855362433
C1265,22,33776,21.58,2.9,0.9,Female,North,Grocery,1,Budget Shoppers,-2.700088980799246,-0.029651781178801028
C1266,27,31272,22.09,2.2,0.8,Female,North,Electronics,1,Budget Shoppers,-2.656189770950449,-0.151244958285176
C1267,43,54720,43.67,10.3,1.2,Male,North,Sports,2,Occasional Buyers,-0.2880354372724398,1.1469730808726244
C1268,31,63732,55.24,7.1,3.5,Female,South,Sports,2,Occasional Buyers,-0.35451040587859267,-0.08256861136480691
C1269,41,77715,64.91,8.7,5.1,Female,East,Electronics,3,Regular Customers,0.8656572992249298,-0.08706128758554259
C1270,40,86883,92.39,7.4,5.4,Male,North,Sports,3,Regular Customers,1.3623193927464747,-0.9465524485269775
C1271,20,28369,6.08,3.9,0.9,Male,East,Fashion,1,Budget Shoppers,-3.0183718802077806,0.48358155090202565
C1272,33,54698,41.46,4.9,2.5,Female,South,Sports,2,Occasional Buyers,-1.0968419003414285,-0.15442523535015035
C1273,57,104429,93.0,9.1,6.8,Male,South,Sports,0,Premium Loyalists,2.7253205976351795,-0.7144377936628048
C1274,33,64194,47.03,5.5,3.7,Female,North,Electronics,2,Occasional Buyers,-0.5653524343754386,-0.2844968615588702
C1275,28,27611,19.7,1.0,1.2,Female,North,Home,1,Budget Shoppers,-2.8031882732853646,-0.39384338057912166
C1276,58,88975,85.09,7.5,7.3,Female,West,Sports,0,Premium Loyalists,2.2357625727709,-0.9206437255507552
C1277,40,84382,54.98,12.8,6.6,Male,East,Sports,3,Regular Customers,1.4983918866506802,0.7983004037522824
C1278,50,68626,73.12,6.6,6.0,Female,North,Home,3,Regular Customers,1.058345999637456,-0.7309089694987625
C1279,23,37207,19.69,2.5,1.1,Male,West,Electronics,1,Budget Shoppers,-2.6465697814990135,-0.10533846239029934
C1280,39,64274,28.99,5.1,3.5,Male,East,Home,2,Occasional Buyers,-0.7320843351024543,0.01926752960038623
C1281,37,56688,30.07,8.2,1.7,Male,North,Electronics,2,Occasional Buyers,-0.8569970078801776,0.8694278745646662
C1282,58,97329,89.14,10.6,5.3,Male,West,Fashion,0,Premium Loyalists,2.4968576503968927,-0.1348832866249023
C1283,37,43746,26.33,8.0,3.9,Female,West,Electronics,2,Occasional Buyers,-0.8322261158681645,0.6896623404890917
C1284,50,97629,90.01,18.7,11.1,Male,East,Fashion,0,Premium Loyalists,4.091465202653658,0.9224728943401155
C1285,57,71371,72.3,7.7,7.5,Male,West,Fashion,3,Regular Customers,1.7118616162533098,-0.6186602353205853
C1286,51,90795,50.91,6.8,3.4,Female,East,Electronics,3,Regular Customers,0.7391553932678678,-0.03316161482522117
C1287,56,71407,88.42,9.8,3.6,Male,East,Grocery,3,Regular Customers,1.567338512277964,-0.054548367782455066
C1288,27,65763,31.28,4.7,2.7,Female,East,Electronics,2,Occasional Buyers,-1.268021343480608,-0.0782894750323781
C1289,29,56584,56.78,4.0,4.3,Male,South,Sports,2,Occasional Buyers,-0.7620469200746254,-0.8555679652471756
C1290,42,71122,62.62,5.7,7.3,Female,West,Sports,3,Regular Customers,0.7461863507289098,-0.9064170153679669
C1291,32,76059,30.48,8.7,3.4,Female,East,Grocery,2,Occasional Buyers,-0.3389681233875168,0.71627192991348
C1292,48,75297,69.83,9.0,2.7,Male,North,Fashion,3,Regular Customers,0.8045190977874691,0.18051835532943375
C1293,58,97239,84.83,10.1,8.7,Male,South,Grocery,0,Premium Loyalists,2.908293502783516,-0.5294869673335488
C1294,19,27449,19.35,2.0,1.0,Male,South,Sports,1,Budget Shoppers,-3.050148704502737,-0.18906497744135004
C1295,32,26131,24.9,3.1,0.5,Female,West,Grocery,1,Budget Shoppers,-2.4702208583449825,0.05506391937538659
C1296,68,102294,81.03,9.6,9.1,Male,East,Electronics,0,Premium Loyalists,3.3014941533230395,-0.5773737479907144
C1297,28,27895,17.04,2.7,1.1,Male,West,Grocery,1,Budget Shoppers,-2.6629691756040232,0.03176166190664911
C1298,35,67236,50.06,4.3,3.0,Male,South,Fashion,2,Occasional Buyers,-0.6363521467431941,-0.5223106918786953
C1299,40,81329,67.75,9.5,5.6,Male,East,Electronics,3,Regular Customers,1.1171478982349383,-0.03650803876653143
C1300,26,31972,24.35,4.5,1.1,Female,North,Home,1,Budget Shoppers,-2.327887388995972,0.261061793319947
C1301,25,27115,28.38,1.0,0.1,Female,East,Sports,1,Budget Shoppers,-2.948866784529216,-0.45078064208644336
C1302,41,72860,67.56,8.6,4.0,Male,South,Sports,3,Regular Customers,0.632737662585273,-0.02766605992200651
C1303,30,45967,61.7,6.0,2.6,Male,North,Grocery,2,Occasional Buyers,-0.8821755753459684,-0.3051064918051623
C1304,27,23007,20.48,2.2,0.6,Female,East,Electronics,1,Budget Shoppers,-2.8690428075012626,-0.07908583879678678
C1305,42,81487,67.77,8.3,2.8,Female,North,Home,3,Regular Customers,0.6060892751901497,0.01781571492790613
C1306,62,91306,103.91,17.2,9.6,Male,North,Electronics,0,Premium Loyalists,4.224200392992071,0.5663451081187023
C1307,42,70056,52.66,7.8,3.0,Male,South,Sports,3,Regular Customers,0.1129353793141704,0.20299439369080943
C1308,46,57462,30.75,7.0,2.6,Male,North,Electronics,2,Occasional Buyers,-0.5042423699118671,0.5379530783693619
C1309,19,33756,23.39,4.9,0.4,Female,West,Home,1,Budget Shoppers,-2.626573092972707,0.4068220219926454
C1310,56,77623,95.49,10.6,8.0,Male,South,Grocery,0,Premium Loyalists,2.5976082397015134,-0.5098076669238294
C1311,26,27923,17.21,4.1,1.3,Female,West,Fashion,1,Budget Shoppers,-2.5377601744005256,0.2987040148695679
C1312,34,52258,46.25,5.2,2.7,Female,North,Electronics,2,Occasional Buyers,-0.9592006366450523,-0.19247712260908562
C1313,26,31855,31.81,3.8,0.8,Female,West,Fashion,1,Budget Shoppers,-2.332776076002845,0.0020871698789072537
C1314,62,82158,68.28,10.9,8.5,Male,East,Sports,0,Premium Loyalists,2.551531267924566,0.03150078250948961
C1315,26,30646,22.92,6.2,0.7,Male,North,Grocery,1,Budget Shoppers,-2.244810310863955,0.6997818998665254
C1316,35,54544,70.74,5.1,2.8,Male,East,Grocery,2,Occasional Buyers,-0.4633519795423946,-0.6907481644356629
C1317,42,77076,102.39,9.2,6.5,Male,West,Electronics,3,Regular Customers,1.8031355169060512,-0.8371873620396394
C1318,33,45222,33.12,3.6,0.8,Female,East,Grocery,1,Budget Shoppers,-1.8352273425028978,-0.06780529810984662
C1319,48,117159,87.19,13.9,7.0,Female,North,Electronics,0,Premium Loyalists,3.1276232372370925,0.33526182630760226
C1320,40,43732,51.52,8.2,1.7,Female,East,Electronics,2,Occasional Buyers,-0.6290067592476564,0.5064344898565286
C1321,50,100481,86.86,20.0,8.5,Female,West,Fashion,0,Premium Loyalists,3.8255446828011013,1.5368505627290354
C1322,24,32716,15.41,3.6,1.1,Male,West,Grocery,1,Budget Shoppers,-2.639921896772283,0.22712487499503856
C1323,42,41761,56.57,5.2,2.4,Male,West,Electronics,2,Occasional Buyers,-0.7427230323262645,-0.2961213331209786
C1324,26,60946,49.97,7.2,2.8,Male,North,Fashion,2,Occasional Buyers,-0.7740731229527704,0.10016215467928404
C1325,28,59927,48.84,3.3,1.6,Female,West,Home,2,Occasional Buyers,-1.381672876412834,-0.5742598140772613
C1326,39,100269,75.17,10.9,3.6,Female,North,Fashion,3,Regular Customers,1.400502290265673,0.29058793572050096
C1327,38,52818,45.19,6.9,4.5,Female,East,Fashion,2,Occasional Buyers,-0.3404053186363775,0.012922173752418931
C1328,36,47173,28.56,5.3,3.8,Male,West,Electronics,2,Occasional Buyers,-1.0935109737458164,0.0660398704248884
C1329,21,27561,19.8,3.9,0.8,Male,East,Sports,1,Budget Shoppers,-2.782218611121626,0.24032196916833934
C1330,23,25478,11.82,1.9,0.8,Female,South,Sports,1,Budget Shoppers,-3.114551272919772,-0.02399649173031562
C1331,38,60773,47.16,6.8,2.8,Male,East,Sports,2,Occasional Buyers,-0.44243280222430553,0.11956716109051761
C1332,39,44680,52.17,10.1,1.8,Female,South,Fashion,2,Occasional Buyers,-0.4012890162436804,0.8845482522407596
C1333,53,82077,81.37,9.1,5.5,Female,East,Electronics,3,Regular Customers,1.7628204842392172,-0.31594906149535795
C1334,53,90279,89.66,11.0,8.4,Female,North,Grocery,0,Premium Loyalists,2.7375631718283286,-0.40008031137038574
C1335,57,103955,107.02,8.6,9.7,Male,East,Fashion,0,Premium Loyalists,3.358945844815045,-1.4016542378142858
C1336,35,62392,47.69,7.0,2.4,Male,North,Fashion,2,Occasional Buyers,-0.5513581193819479,0.17910954792557607
C1337,35,58266,43.94,6.0,1.0,Male,North,Electronics,2,Occasional Buyers,-1.0302977949703402,0.1975752881010672
C1338,43,117573,94.68,13.5,6.0,Male,West,Home,0,Premium Loyalists,2.877317627062218,0.19339675210026985
C1339,59,103508,64.69,13.9,5.5,Male,North,Fashion,0,Premium Loyalists,2.6470241052000794,1.0052329767515933
C1340,22,31241,23.44,3.7,0.4,Female,South,Home,1,Budget Shoppers,-2.7036327994218965,0.16719633644471424
C1341,41,85441,55.91,7.8,4.9,Female,West,Home,3,Regular Customers,0.721896564428864,-0.10634674422023521
C1342,45,69827,65.85,8.7,5.7,Male,West,Sports,3,Regular Customers,0.9734770692876158,-0.133908573170845
C1343,50,105528,48.31,13.5,7.9,Male,East,Electronics,0,Premium Loyalists,2.424511664193653,0.9260260316579155
C1344,28,31119,28.41,4.1,0.9,Male,North,Home,1,Budget Shoppers,-2.281902516309811,0.1305095212942922
C1345,24,31634,20.61,3.3,1.0,Male,North,Electronics,1,Budget Shoppers,-2.622852511554213,0.07750776175780867
C1346,31,55473,57.12,5.4,2.4,Female,South,Sports,2,Occasional Buyers,-0.848012480337824,-0.3438536391699223
C1347,43,66053,72.12,10.8,6.3,Male,East,Electronics,3,Regular Customers,1.2754361625299817,0.13325347641833085
C1348,44,66676,56.81,11.8,4.4,Male,East,Fashion,3,Regular Customers,0.8759271607078651,0.8476147753256673
C1349,35,42974,46.51,6.9,3.2,Male,West,Home,2,Occasional Buyers,-0.816088309588629,0.13986514414397128
C1350,58,110949,57.96,12.9,9.5,Female,West,Electronics,0,Premium Loyalists,3.1603198242480692,0.4616354670996851
C1351,24,30546,39.23,3.3,0.9,Female,West,Grocery,1,Budget Shoppers,-2.344933938891764,-0.26235812856016727
C1352,22,31298,24.91,2.5,1.1,Male,South,Electronics,1,Budget Shoppers,-2.7041027274986527,-0.1944743543571983
C1353,37,44756,36.58,7.3,4.5,Female,South,Home,2,Occasional Buyers,-0.6252390155973567,0.27728322782543063
C1354,45,47193,21.08,4.7,1.5,Female,West,Sports,2,Occasional Buyers,-1.3347885201008187,0.367583447592683
C1355,28,47614,48.97,1.0,2.9,Female,East,Sports,2,Occasional Buyers,-1.6656222364146185,-1.1820499958442068
C1356,22,26183,33.82,2.6,0.1,Male,South,Home,1,Budget Shoppers,-2.7972284114517554,-0.22117282680391898
C1357,30,64968,54.11,5.5,4.0,Female,East,Fashion,2,Occasional Buyers,-0.49064564273399114,-0.46617994597089285
C1358,53,61206,44.42,8.4,5.2,Female,East,Fashion,3,Regular Customers,0.6226763404235443,0.3177599959699947
C1359,24,40377,5.0,2.3,0.9,Female,North,Sports,1,Budget Shoppers,-2.8547493947940565,0.14888232129441561
C1360,31,40273,40.45,5.8,3.1,Female,West,Sports,2,Occasional Buyers,-1.2540166448911947,0.01890049315038321
C1361,36,46351,37.78,7.7,5.0,Female,North,Home,2,Occasional Buyers,-0.4850390579658304,0.2779451699128426
C1362,48,87557,81.29,5.8,5.8,Male,West,Fashion,3,Regular Customers,1.3527962984301953,-1.0901026886953242
C1363,23,34348,36.71,2.4,0.6,Female,West,Sports,1,Budget Shoppers,-2.5040327221125036,-0.38860483818352715
C1364,45,78344,51.0,11.3,2.4,Female,East,Fashion,3,Regular Customers,0.6533805430270486,1.0439714351754446
C1365,56,112281,90.59,12.3,9.8,Female,West,Sports,0,Premium Loyalists,3.6430486396208277,-0.3307536375377613
C1366,31,27038,27.16,3.7,1.0,Male,East,Electronics,1,Budget Shoppers,-2.301899310535494,0.08020118028044677
C1367,44,70655,73.05,5.4,8.0,Female,East,Grocery,3,Regular Customers,1.0621802546606112,-1.2350596227181752
C1368,50,67690,40.8,10.6,5.8,Female,West,Electronics,3,Regular Customers,0.9243986660530263,0.7650938041368254
C1369,38,70544,65.97,9.3,5.0,Male,East,Sports,3,Regular Customers,0.6962011391660798,0.03685928634526005
C1370,32,49984,36.17,6.2,2.5,Female,East,Grocery,2,Occasional Buyers,-1.159735747853618,0.23208707861214867
C1371,26,30092,19.62,3.8,1.5,Female,East,Grocery,1,Budget Shoppers,-2.4593456030245715,0.16162723005642873
C1372,20,32504,14.79,4.5,0.9,Female,South,Sports,1,Budget Shoppers,-2.7254118971403605,0.43715255512639317
C1373,48,61646,62.71,8.8,4.0,Male,East,Sports,3,Regular Customers,0.6152349456089111,0.16434783443127585
C1374,75,75993,64.03,9.7,5.3,Male,South,Fashion,0,Premium Loyalists,2.17953842930423,0.27275140241271917
C1375,32,53993,35.95,8.6,4.1,Female,South,Sports,2,Occasional Buyers,-0.5567406484633572,0.5680648783381277
C1376,57,93923,69.55,13.7,9.7,Male,East,Home,0,Premium Loyalists,3.127588386010595,0.4283843667689548
C1377,49,100372,92.12,12.7,8.9,Female,East,Sports,0,Premium Loyalists,3.0997224518944506,-0.17757904354084258
C1378,44,85654,62.2,7.0,3.3,Female,South,Home,3,Regular Customers,0.5911983224851977,-0.21130460487127575
C1379,28,59141,37.21,4.1,4.6,Female,South,Sports,2,Occasional Buyers,-1.0208819828107618,-0.5057573940341429
C1380,29,28984,7.39,3.3,1.0,Male,East,Fashion,1,Budget Shoppers,-2.7167026655112507,0.3562271409734844
C1381,28,42546,45.59,6.8,2.0,Female,East,Home,2,Occasional Buyers,-1.2927419227572285,0.23715468017042482
C1382,57,105469,101.12,10.8,10.8,Male,West,Electronics,0,Premium Loyalists,3.7167596610034606,-0.9405171785938339
C1383,22,32394,25.82,3.4,1.3,Male,South,Home,1,Budget Shoppers,-2.5327428099532168,-0.04289317228154365
C1384,40,81818,76.13,8.9,5.0,Male,South,Fashion,3,Regular Customers,1.1026212580792485,-0.26034874619651194
C1385,58,110341,92.94,13.1,7.5,Male,West,Home,0,Premium Loyalists,3.4425394376310705,0.059450142877398124
C1386,46,97925,88.84,15.3,7.1,Female,South,Sports,0,Premium Loyalists,2.9035537534655536,0.6313225756414029
C1387,44,86890,76.39,10.8,3.0,Female,North,Sports,3,Regular Customers,1.243300813771084,0.36479611029909165
C1388,55,86692,67.05,8.8,4.0,Male,South,Fashion,3,Regular Customers,1.4041619355650392,0.05179273672877195
C1389,48,72182,74.0,9.0,6.3,Female,West,Grocery,3,Regular Customers,1.3923096261219268,-0.28211276871914237
C1390,35,59744,25.88,6.3,3.2,Male,North,Sports,2,Occasional Buyers,-0.9213263816592769,0.3621995284982883
C1391,21,30496,17.44,2.0,1.3,Female,East,Electronics,1,Budget Shoppers,-2.906362170464204,-0.18414408799462378
C1392,70,82681,99.31,14.2,10.3,Female,West,Fashion,0,Premium Loyalists,4.038085284980871,-0.011309934940143842
C1393,36,43739,35.95,9.2,2.2,Female,West,Home,2,Occasional Buyers,-0.8392484101857597,0.9450767588366261
C1394,54,101837,103.22,15.2,9.0,Male,East,Home,0,Premium Loyalists,3.7966300451604575,0.15555855352426226
C1395,44,90475,66.79,10.6,2.7,Female,West,Electronics,3,Regular Customers,1.0770360160012282,0.5279938341657482
C1396,31,38382,23.82,1.7,1.6,Male,South,Sports,1,Budget Shoppers,-2.28170742490871,-0.3782277379929655
C1397,36,64012,19.16,6.7,4.7,Female,East,Fashion,2,Occasional Buyers,-0.6338119866934708,0.40670515415413716
C1398,41,69691,57.68,12.2,3.6,Male,West,Electronics,3,Regular Customers,0.7578071384412913,0.983725378073716
C1399,44,87065,83.01,10.1,5.3,Female,East,Sports,3,Regular Customers,1.6452210647227463,-0.1613246045542052
C1400,68,82980,107.76,13.1,5.5,Female,East,Fashion,0,Premium Loyalists,3.2209571070050034,0.10420945598342368
C1401,28,33424,31.84,5.6,1.4,Female,East,Home,1,Budget Shoppers,-1.9284882726333912,0.3275838816145298
C1402,30,47083,48.63,5.1,1.8,Male,North,Fashion,2,Occasional Buyers,-1.3134403544787672,-0.16608849258933833
C1403,56,96595,73.43,8.8,7.5,Female,West,Grocery,0,Premium Loyalists,2.291078410289244,-0.4689414726508269
C1404,23,32885,25.22,2.0,1.0,Male,North,Fashion,1,Budget Shoppers,-2.7072304284253472,-0.29635792129771216
C1405,49,88337,85.53,8.3,9.1,Female,West,Grocery,0,Premium Loyalists,2.289895410682995,-0.9898652697958336
C1406,39,52960,61.61,4.0,2.2,Male,South,Fashion,2,Occasional Buyers,-0.7266550550426686,-0.667480767758223
C1407,30,59848,45.49,5.5,3.5,Male,South,Grocery,2,Occasional Buyers,-0.8112166009497613,-0.2359786634871423
C1408,23,31352,30.54,1.9,0.2,Female,South,Home,1,Budget Shoppers,-2.785368780473596,-0.32820546869690614
C1409,26,30240,20.96,4.5,1.6,Male,West,Sports,1,Budget Shoppers,-2.3373810852275634,0.275254953580564
C1410,53,113040,54.47,14.2,7.2,Male,East,Grocery,0,Premium Loyalists,2.7439839180595795,1.030240407691783
C1411,36,50818,46.5,6.7,4.8,Male,East,Grocery,2,Occasional Buyers,-0.4019795145274979,-0.09123251877479922
C1412,38,50625,72.49,5.8,3.2,Male,North,Home,2,Occasional Buyers,-0.25508298169865745,-0.5948149745337332
C1413,24,42228,21.2,2.8,1.4,Female,North,Grocery,1,Budget Shoppers,-2.4095112783305774,-0.10995857244810395
C1414,33,55586,30.27,6.8,4.5,Female,South,Electronics,2,Occasional Buyers,-0.7306271103825795,0.24645303737811053
C1415,30,58771,59.24,3.1,3.8,Male,North,Home,2,Occasional Buyers,-0.827742687444945,-1.0421216146353638
C1416,52,98348,96.7,10.4,8.5,Male,West,Electronics,0,Premium Loyalists,2.9175982476597304,-0.6970502698178086
C1417,45,63233,35.36,7.6,1.8,Male,West,Home,2,Occasional Buyers,-0.41358047730497377,0.6479848642925918
C1418,45,50910,31.24,8.2,3.5,Male,North,Grocery,2,Occasional Buyers,-0.3714813563414164,0.699986775159
C1419,37,38344,28.17,5.7,2.7,Female,North,Electronics,2,Occasional Buyers,-1.3583513120371793,0.30431782927181816
C1420,60,76693,70.48,13.1,8.6,Female,North,Grocery,0,Premium Loyalists,2.6849776875255023,0.45573826601698597
C1421,46,74298,48.45,9.6,4.1,Male,North,Home,3,Regular Customers,0.6467094494832821,0.556805468042228
C1422,33,49194,30.31,6.5,3.1,Male,South,Grocery,2,Occasional Buyers,-1.107150403769306,0.34872262389155956
C1423,61,112325,126.83,10.0,6.6,Male,South,Electronics,0,Premium Loyalists,3.657397812493313,-1.143304816364309
C1424,23,31668,20.42,3.9,0.4,Female,North,Electronics,1,Budget Shoppers,-2.687911674130176,0.27070820043594407
C1425,26,25112,16.13,3.6,0.1,Female,West,Grocery,1,Budget Shoppers,-2.8576434246271285,0.34895470905845344
C1426,25,23776,11.57,4.6,1.3,Male,South,Fashion,1,Budget Shoppers,-2.6881523394338567,0.5187529842135994
C1427,37,51584,50.44,8.1,3.6,Male,West,Home,2,Occasional Buyers,-0.31611406701684686,0.26732907925532773
C1428,21,30909,23.06,3.4,0.7,Female,East,Home,1,Budget Shoppers,-2.7385176957717405,0.07392599494367269
C1429,21,36778,18.88,2.2,1.6,Female,West,Grocery,1,Budget Shoppers,-2.694242610889106,-0.2162319116456008
C1430,32,56494,45.41,8.0,2.1,Male,North,Fashion,2,Occasional Buyers,-0.7393817205797125,0.47094159636847915
C1431,46,99424,61.16,14.1,6.6,Male,East,Electronics,0,Premium Loyalists,2.246323379529096,0.9496817245781085
C1432,19,17641,18.62,2.4,0.6,Male,South,Sports,1,Budget Shoppers,-3.262750043602849,-0.022300597250696177
C1433,50,78681,54.41,7.3,5.4,Female,South,Sports,3,Regular Customers,0.9144346494693053,-0.18460926783109574
C1434,24,29722,21.74,1.4,0.9,Male,East,Grocery,1,Budget Shoppers,-2.8741644999697415,-0.33635964009853747
C1435,47,67017,90.68,8.6,4.2,Male,West,Fashion,3,Regular Customers,1.1602503062057683,-0.4483017862456664
C1436,22,26015,27.07,3.5,1.6,Female,South,Fashion,1,Budget Shoppers,-2.5708352807526222,-0.06238169489178713
C1437,38,53845,41.1,8.3,3.6,Male,North,Home,2,Occasional Buyers,-0.372905904667561,0.4863606499427491
C1438,36,52313,41.43,6.0,3.2,Female,East,Electronics,2,Occasional Buyers,-0.7960537716923273,0.024883375366512125
C1439,54,94452,102.29,15.4,6.4,Male,North,Fashion,0,Premium Loyalists,3.251067609382859,0.5162936925081417
C1440,39,49297,57.27,8.6,4.6,Male,East,Sports,2,Occasional Buyers,0.04538055920508375,0.15053928078558426
C1441,31,68323,51.83,7.9,2.6,Female,South,Electronics,2,Occasional Buyers,-0.3783544446195969,0.24058531704533917
C1442,57,80597,53.21,9.2,4.3,Male,West,Electronics,3,Regular Customers,1.2227102002689332,0.39097000027129664
C1443,38,58193,55.74,7.7,2.5,Female,East,Grocery,2,Occasional Buyers,-0.2899578686212695,0.1887465207622927
C1444,32,70105,97.36,6.5,5.5,Female,East,Fashion,3,Regular Customers,0.760873621672017,-1.2389258642758938
C1445,49,89469,85.85,12.2,5.3,Male,North,Grocery,0,Premium Loyalists,2.15818700154354,0.2512910391993962
C1446,66,113929,118.97,13.5,6.2,Female,South,Fashion,0,Premium Loyalists,4.072277965345564,-0.18172429387079275
C1447,28,18944,16.05,3.0,0.8,Male,North,Home,1,Budget Shoppers,-2.859551895984471,0.16906954094506743
C1448,28,27703,28.24,3.2,0.7,Female,South,Grocery,1,Budget Shoppers,-2.4839289067221957,-0.029532613588838404
C1449,67,76721,44.61,9.2,9.0,Male,North,Grocery,0,Premium Loyalists,2.1136594944028095,0.095976800423037
C1450,30,50394,51.7,9.3,3.4,Female,East,Sports,2,Occasional Buyers,-0.4606085233635241,0.49555284838419944
C1451,20,33628,19.54,2.2,0.5,Male,North,Grocery,1,Budget Shoppers,-2.9532003998509415,-0.10600228805519449
C1452,62,109340,61.19,18.2,4.9,Male,West,Fashion,0,Premium Loyalists,3.202885567086802,2.058776921196791
C1453,36,60569,34.84,11.2,1.4,Female,South,Sports,2,Occasional Buyers,-0.44245728715822713,1.441888996381619
C1454,19,35031,21.8,1.8,1.0,Female,South,Grocery,1,Budget Shoppers,-2.890827754776303,-0.2967346144237078
C1455,28,26740,16.13,2.5,1.5,Male,East,Grocery,1,Budget Shoppers,-2.6589084312230806,-0.03456971414196521
C1456,48,101870,90.67,9.8,8.7,Male,South,Home,0,Premium Loyalists,2.701456307639305,-0.7588009018637024
C1457,24,27564,23.15,2.5,1.1,Female,West,Grocery,1,Budget Shoppers,-2.731857227416979,-0.1435026441492921
C1458,31,61585,59.27,4.1,3.1,Female,North,Electronics,2,Occasional Buyers,-0.7359071961010496,-0.7544639027400364
C1459,49,77670,49.02,4.7,6.3,Male,East,Sports,3,Regular Customers,0.6133922299129307,-0.7400940736933538
C1460,39,50640,36.38,1.7,3.9,Male,West,Electronics,2,Occasional Buyers,-1.1886562058314498,-0.8615102061410487
C1461,45,81585,58.35,6.8,3.3,Male,South,Sports,3,Regular Customers,0.4632231698558498,-0.16709563336792632
C1462,26,28650,20.63,3.6,1.3,Female,South,Home,1,Budget Shoppers,-2.5241266951759735,0.1247167834146357
C1463,44,77342,59.94,9.7,5.9,Male,West,Grocery,3,Regular Customers,1.1249903784545965,0.14882251114524864
C1464,47,64189,66.23,9.4,3.8,Male,North,Grocery,3,Regular Customers,0.7233641073157094,0.23766491939815623
C1465,49,76965,73.37,10.8,5.7,Female,North,Grocery,3,Regular Customers,1.6177549232399482,0.1742123261598302
C1466,54,59842,73.69,10.6,3.0,Male,East,Sports,3,Regular Customers,1.0285792392174748,0.4811189079109873
C1467,35,46115,24.68,8.4,1.4,Female,South,Grocery,2,Occasional Buyers,-1.2408871497010006,1.0640784423147742
C1468,24,37480,35.31,2.7,1.3,Male,West,Electronics,1,Budget Shoppers,-2.2872726511477013,-0.3769019107096566
C1469,20,30236,32.59,1.4,2.4,Male,North,Grocery,1,Budget Shoppers,-2.584592546661025,-0.7235846208335128
C1470,50,80906,65.48,8.1,6.3,Male,East,Home,3,Regular Customers,1.3785638731139862,-0.32604077787506996
C1471,53,69445,37.97,12.6,5.9,Female,South,Electronics,3,Regular Customers,1.26271109289844,1.2459505483058684
C1472,29,31688,15.6,2.8,0.3,Male,South,Grocery,1,Budget Shoppers,-2.6973645746608725,0.16261188596261095
C1473,32,21692,6.65,1.2,0.5,Female,East,Grocery,1,Budget Shoppers,-3.0795107954481122,0.0041820361313345805
C1474,41,69839,79.88,8.9,3.5,Female,East,Fashion,3,Regular Customers,0.7390377199054246,-0.13548211582565547
C1475,43,73131,64.62,8.0,4.5,Female,North,Sports,3,Regular Customers,0.6703754658765164,-0.14704801555450214
C1476,24,57048,65.13,3.9,3.0,Male,West,Electronics,2,Occasional Buyers,-1.0103092435598766,-0.9168875845909394
C1477,52,94956,84.04,14.9,6.9,Male,South,Fashion,0,Premium Loyalists,2.903483496140523,0.6911723229094702
C1478,41,78824,82.86,9.2,4.2,Male,West,Home,3,Regular Customers,1.102861330516479,-0.22527317619837633
C1479,23,29221,23.17,2.8,0.6,Male,South,Sports,1,Budget Shoppers,-2.7817560018921403,-0.033455898497558215
C1480,46,77237,80.6,8.6,3.0,Male,South,Electronics,3,Regular Customers,0.9527917711334537,-0.15556963499278217
C1481,46,75822,55.86,8.6,4.2,Female,West,Grocery,3,Regular Customers,0.7008775064301905,0.1869850039683783
C1482,23,31448,26.17,3.0,1.4,Male,East,Electronics,1,Budget Shoppers,-2.5388256009821015,-0.13969581922499982
C1483,46,67728,99.79,7.8,6.0,Male,North,Grocery,3,Regular Customers,1.4870232638826733,-0.9944214409982116
C1484,31,52848,37.33,6.4,3.0,Male,South,Sports,2,Occasional Buyers,-1.019642636486619,0.18751972077431028
C1485,25,26686,19.81,2.8,1.7,Female,East,Grocery,1,Budget Shoppers,-2.638393785592988,-0.07447643151406562
C1486,31,41379,75.96,5.4,3.9,Male,South,Home,2,Occasional Buyers,-0.5525655000789831,-0.830377686152953
C1487,51,70602,77.27,9.3,7.7,Female,North,Grocery,3,Regular Customers,1.783483904029307,-0.41513117165302016
C1488,54,78801,75.62,6.0,6.8,Male,South,Home,3,Regular Customers,1.4913092408962427,-1.0013455118626533
C1489,57,93809,56.66,11.0,9.4,Female,North,Sports,0,Premium Loyalists,2.549082559458447,0.12622401044689682
C1490,28,44639,53.41,3.9,1.5,Female,North,Sports,2,Occasional Buyers,-1.5358007939388578,-0.4845345196928081
C1491,36,52523,50.29,9.9,2.3,Male,South,Electronics,2,Occasional Buyers,-0.3373353443650256,0.7912310333626564
C1492,35,55445,44.23,6.1,3.7,Male,South,Home,2,Occasional Buyers,-0.6348250044866686,-0.0729180325634498
C1493,26,20646,16.26,1.4,1.7,Male,North,Home,1,Budget Shoppers,-2.9361765371926043,-0.28882987191270576
C1494,64,99224,110.64,15.8,6.3,Male,East,Fashion,0,Premium Loyalists,3.8677304381458737,0.48603521687469353
C1495,43,79296,70.83,5.2,7.6,Female,West,Fashion,3,Regular Customers,1.062785397392606,-1.2175072734765322
C1496,30,33163,17.43,2.0,0.3,Female,North,Fashion,1,Budget Shoppers,-2.695501157391408,-0.043110457725476344
C1497,22,41353,36.61,3.1,0.1,Female,South,Grocery,1,Budget Shoppers,-2.4104158149329526,-0.20327726685898878
C1498,49,75961,62.38,7.6,4.4,Female,South,Fashion,3,Regular Customers,0.837336467967709,-0.16059124411865652
C1499,26,21106,15.01,3.3,0.8,Male,East,Home,1,Budget Shoppers,-2.8737223617303367,0.23941731834738766
